Name,LTP,Change(%),Open,Volume,Market Cap (Cr.),PE Ratio,Industry PE,52W High,52W Low,1M Returns,3M Returns,1 Yr Returns,3 Yr Returns,5 Yr Returns,PB Ratio,Dividend,ROE,ROCE,EPS,50 DMA,200 DMA,RSI,Margin Funding,Margin Pledge
BEML,"2,187.00",-50.29%,"2,188.00","3,33,246","36,645.50",61.31,-43.57,"4,874.80","2,350.00",-50.18%,-45.12%,-45.15%,43.69%,345.60%,6.35,0.46%,6.52%,11.44%,68.76,"4,201.93","3,738.55",13.25,60.96%,80.00%
Global Health,"1,274.60",-2.81%,"1,313.00","6,64,372","35,251.90",66.13,32.94,"1,456.50",996.45,-4.08%,-3.77%,19.42%,206.91%,206.91%,10.43,-,13.43%,17.18%,17.97,"1,360.59","1,245.70",35.47,60.00%,75.00%
Aster DM Healthcare,678.45,0.06%,679,"4,41,528","35,131.20",100.51,32.94,732.2,387.1,5.08%,15.79%,54.58%,151.70%,400.52%,9.88,0.71%,4.07%,10.39%,2.47,653.69,555.43,48.87,60.00%,75.00%
Apar Industries,"8,539.50",-1.52%,"8,676.00","1,69,961","34,829.90",37.04,34.77,"11,779.90","4,308.05",1.52%,-4.75%,-11.25%,495.71%,2892.12%,7.17,0.59%,21.29%,30.72%,206.69,"8,451.90","7,651.65",46.57,62.23%,80.00%
Delhivery,472.25,1.35%,466.8,"17,77,980","34,825.80",175.36,25.16,489.1,236.53,7.99%,2.31%,33.57%,22.60%,-11.95%,3.7,-,-2.72%,2.66%,-,467.34,369.63,52.41,75.00%,70.00%
SJVN,88.01,-0.02%,88.3,"18,22,616","34,594.00",50.33,7.39,124.5,80.54,-3.78%,-5.46%,-21.00%,151.82%,296.44%,2.44,1.66%,9.81%,4.47%,2.35,91.97,94.37,37.2,71.64%,80.00%
Tata Elxsi,"5,434.00",-0.38%,"5,453.00","67,952","33,977.50",50.7,19.14,"7,474.00","4,700.00",1.47%,-9.90%,-22.76%,-21.16%,255.21%,12.58,1.37%,36.00%,52.73%,126.48,"5,485.05","5,830.04",46.82,76.00%,80.00%
Go Digit General Insurance,362.4,1.05%,356.85,"2,00,184","33,114.50",65.2,10.51,381.4,264.6,7.03%,0.58%,6.64%,18.43%,18.43%,7.15,-,5.31%,-3.88%,2.45,355.89,327.9,56.17,60.00%,70.00%
Hindustan Copper,341.75,0.44%,342,"40,56,269","32,903.00",67.64,19.8,365.5,183.82,0.99%,40.07%,17.28%,225.79%,927.82%,12.37,0.43%,14.18%,21.26%,3.74,300.5,252.63,56.04,70.91%,80.00%
Exide Industries,383.3,0.37%,382,"11,19,862","32,461.50",38,80.72,472.5,328,-3.71%,-1.92%,-13.87%,132.51%,139.34%,2.33,0.52%,6.84%,8.57%,10.29,401.47,381.59,39.39,76.00%,80.00%
Honeywell Automation,"36,615.00",0.33%,"36,670.00","1,432","32,267.10",63.07,44.1,"45,999.40","31,025.00",2.53%,-4.09%,-19.35%,-9.10%,29.58%,7.99,0.29%,13.90%,17.18%,604.64,"36,736.00","36,975.46",50.34,72.09%,80.00%
IPCA Laboratories,"1,309.70",3.03%,"1,271.20","1,26,927","32,250.90",39.41,54.8,"1,755.90","1,168.20",-0.26%,-9.25%,-17.39%,44.18%,13.12%,4.65,0.31%,6.85%,12.97%,23.14,"1,333.74","1,399.56",50.21,70.25%,80.00%
KPIT Technologies,"1,164.00",-0.23%,"1,166.70","3,85,914","31,984.40",39.61,19.14,"1,563.35","1,020.60",0.54%,-4.35%,-17.07%,66.48%,1136.98%,10.97,0.72%,27.67%,35.48%,24.17,"1,202.25","1,266.35",44.99,73.78%,80.00%
Apollo Tyres,509.45,1.59%,500.05,"8,39,770","31,850.30",38.29,35.77,557,370.9,7.67%,15.40%,5.00%,77.85%,256.38%,2.16,1.00%,12.39%,9.99%,26.73,484.45,454.3,61.68,71.32%,80.00%
NBCC,117.64,0.20%,116.8,"62,03,118","31,700.70",54.12,25.16,130.7,70.8,4.00%,6.14%,20.27%,435.46%,685.84%,12.79,0.57%,13.09%,26.58%,3.11,108.83,102.47,62.62,69.79%,80.00%
LIC Housing Finance,575.55,0.81%,572.95,"9,49,133","31,405.80",5.69,19.62,648.9,483.7,-0.50%,-2.62%,-7.59%,55.60%,90.11%,0.82,1.75%,15.12%,9.65%,86.33,570,577.79,50.59,76.00%,80.00%
Motherson Sumi Wiring,47.65,0.93%,46.99,"36,09,778","31,308.10",52.5,80.72,50.54,30.72,4.18%,24.61%,8.72%,23.16%,61.53%,18.45,0.49%,38.07%,43.19%,1.5,46.06,39.75,57.41,60.00%,75.00%
ITI,327,0.71%,324.8,"5,14,697","31,200.00",-166.64,26.87,592.7,220.15,3.53%,11.78%,47.84%,190.02%,181.41%,19.94,-,-,0.49%,-,317.25,300.64,50.51,50.00%,-
Aegis Vopak Terminals,277.05,-0.68%,280.7,"4,74,767","30,907.40",206.85,25.16,302,220,-2.24%,10.02%,14.48%,14.48%,14.48%,6.56,-,-,6.14%,-,260.74,-,53.68,60.00%,-
The New India Assurance Company,182.99,-2.18%,185.2,"7,72,920","30,829.10",25.77,10.51,221.8,135.6,-4.03%,-2.41%,-3.53%,106.19%,82.72%,1.36,0.96%,4.09%,-4.80%,6.65,191.77,179.17,36.72,63.68%,80.00%
Metro Brands,"1,154.70",2.29%,"1,136.10","60,089","30,736.60",85.71,30.61,"1,346.50",990.05,-7.89%,-2.93%,-4.51%,38.56%,134.05%,16.89,1.77%,23.08%,21.27%,15.13,"1,213.36","1,169.06",43,70.00%,80.00%
TVS Holdings,"15,062.00",-0.74%,"15,200.00","3,476","30,702.20",10.64,10.51,"15,840.00","7,855.25",14.01%,25.36%,19.08%,179.19%,179.19%,5.57,0.61%,-,15.27%,-,"13,297.88","10,867.50",65.2,-,-
AIA Engineering,"3,265.10",0.47%,"3,258.00","91,384","30,328.20",27.8,21.69,"3,863.15","3,001.10",1.27%,6.38%,-14.16%,18.05%,93.02%,4.44,0.49%,18.53%,19.72%,119.04,"3,164.53","3,285.15",51.57,73.00%,80.00%
Indraprastha Gas,215.15,1.51%,209.5,"23,22,896","29,671.60",17.87,25.16,229,153.05,2.93%,4.35%,4.29%,2.54%,5.68%,2.8,3.30%,20.67%,19.46%,27.78,211.77,203.6,55.27,73.97%,80.00%
Sona BLW Precision Forgings,481.25,1.80%,473,"8,25,005","29,391.90",48.44,80.72,720.9,380,14.67%,8.63%,-30.14%,3.24%,33.24%,5.35,0.68%,18.49%,13.84%,9.41,443.46,480.65,65.47,75.15%,80.00%
Gillette,"8,868.00",-1.65%,"9,020.00","36,360","29,380.50",51.12,50.62,"11,500.00","7,411.65",-6.52%,-15.94%,-14.67%,70.82%,66.62%,25.24,1.24%,35.97%,49.54%,118.9,"9,731.48","9,315.37",26.71,69.43%,80.00%
Garden Reach Shipbuilders,"2,573.80",0.69%,"2,556.10","3,74,801","29,280.60",52.24,25.16,"3,538.40","1,184.90",-5.53%,-1.94%,66.82%,410.73%,1256.42%,14.08,0.54%,16.14%,32.36%,32.11,"2,562.89","2,241.98",47.19,0.00%,70.00%
Mangalore Refinery & Petroleum,168.59,1.32%,166.4,"1,61,02,581","29,163.20",28.16,12.38,172.5,98.92,17.57%,32.82%,14.24%,206.81%,509.73%,2.19,-,27.08%,5.08%,15.18,136.72,133.37,76.89,63.33%,80.00%
Navin Fluorine International,"5,905.50",3.83%,"5,700.00","24,86,305","29,122.80",65.73,25.14,"5,839.00","3,180.00",28.38%,15.78%,78.02%,31.30%,154.67%,8.11,0.12%,11.35%,11.70%,44.02,"4,853.70","4,508.87",80.99,70.28%,80.00%
Star Health Insurance,487,-1.50%,494.55,"3,35,890","29,068.20",54.48,10.51,514.95,327.3,6.56%,11.88%,-0.37%,-31.56%,-46.30%,3.9,-,9.40%,-15.32%,14.96,461.89,426.41,55.39,60.00%,80.00%
Krishna Institute of Medical Sciences,726.75,0.79%,724.5,"1,31,735","28,852.00",71.43,32.94,798.4,474.05,5.27%,-2.73%,32.61%,145.38%,264.49%,13.5,-,16.05%,13.23%,39.48,728.91,667.37,51.92,65.00%,80.00%
Cohance Lifesciences,742.85,-1.40%,753.4,"11,72,079","28,822.60",87.58,54.8,"1,360.00",749.05,-15.17%,-22.50%,-43.75%,78.25%,133.89%,16.86,-,14.64%,13.36%,9.45,893.93,"1,026.86",25.27,60.00%,75.00%
Amber Enterprises,"7,957.50",-0.98%,"8,036.50","1,22,920","28,247.40",99.93,44.1,"8,626.00","5,235.00",-3.13%,-0.03%,32.83%,293.95%,251.49%,8.59,-,6.59%,14.95%,47.37,"8,034.92","7,039.48",40.52,69.46%,80.00%
Inventurus Knowledge Solutions,"1,648.00",0.13%,"1,663.00","6,51,353","28,239.20",46.35,19.14,"2,189.00","1,236.80",9.05%,5.01%,-15.95%,-15.95%,-15.95%,15.79,-,-,27.50%,-,"1,540.27","1,599.39",70.01,65.00%,70.00%
Tata Technologies,696.25,0.58%,692.25,"4,14,386","28,085.40",40.49,19.14,"1,038.00",597,-1.53%,0.32%,-31.11%,-46.97%,-46.97%,8.93,1.69%,21.09%,23.64%,16.02,692.38,709.05,50.98,75.00%,80.00%
Gujarat Gas,410.5,0.76%,410,"1,19,660","28,045.00",24.47,25.16,553,360.25,-5.99%,-2.51%,-20.14%,-20.54%,38.82%,3.3,1.43%,21.75%,16.33%,17.68,427.64,441.12,39.31,70.67%,80.00%
HBL Engineering,988.4,-1.57%,"1,004.20","10,79,116","27,835.90",81.87,80.72,"1,033.65",405,16.71%,62.03%,46.10%,46.10%,46.10%,18.76,0.10%,10.35%,24.90%,11.84,875.76,631.5,65.81,61.74%,75.00%
Affle 3i,"1,897.00",-1.74%,"1,950.00","2,34,163","27,152.00",67.65,19.14,"2,185.90","1,246.00",-2.15%,-0.88%,21.40%,63.11%,259.02%,9.16,-,16.73%,16.04%,22.65,"1,966.51","1,763.30",43.32,60.00%,70.00%
IRB Infrastructure Developers,45.19,0.89%,45,"79,27,758","27,048.70",4.14,-6.34,61.99,40.51,7.57%,-0.11%,-12.05%,94.28%,312.69%,1.36,0.67%,5.38%,17.25%,1.01,43.01,46.93,67.84,72.55%,80.00%
Inox Wind,157.25,1.37%,155.12,"62,89,056","26,810.20",55,34.77,224.01,128.46,11.23%,2.57%,-26.16%,327.31%,1656.98%,4.36,-,-29.66%,12.30%,0.66,146.68,159.76,66.46,67.59%,75.00%
Piramal Pharma,201.56,0.97%,199.76,"39,26,935","26,535.80",269.93,54.8,307.9,181.73,1.56%,3.35%,-26.92%,17.94%,8.63%,3.27,0.07%,0.23%,7.02%,0.3,197.23,206.78,54.23,72.62%,80.00%
J B Chemicals and Pharmaceuticals,"1,712.30",1.78%,"1,690.90","1,60,742","26,344.20",38.4,54.8,"1,952.00","1,385.75",2.63%,-0.01%,-7.49%,69.31%,248.43%,7.66,0.92%,18.90%,24.69%,37.83,"1,698.75","1,673.73",56.39,70.43%,80.00%
Aegis Logistics,768.1,2.39%,750.15,"8,52,216","26,330.30",32.73,42.65,"1,037.00",609.85,-12.83%,4.94%,-7.26%,8.88%,8.88%,5.69,1.07%,15.07%,11.67%,16.66,764.58,767.73,45.44,61.35%,79.99%
Dr. Lal Path Labs,"3,254.90",3.81%,"3,154.90","3,64,618","26,267.80",48.69,32.94,"3,540.00","2,293.55",4.07%,5.00%,5.94%,24.38%,41.53%,12.09,0.76%,19.22%,27.96%,45.65,"3,217.78","2,905.22",57.97,71.39%,80.00%
Ather Energy,691.65,-0.04%,700.05,"11,80,308","26,223.00",-32.59,12.42,790,288.15,16.64%,74.68%,128.80%,128.80%,128.80%,8.44,-,-,-75.66%,-,585.82,-,57.68,50.00%,80.00%
Syngene International,657.8,1.18%,654.55,"3,08,348","26,195.10",51.65,25.16,960.6,599.55,3.51%,-6.66%,-23.97%,2.92%,20.11%,5.54,0.19%,11.98%,13.20%,11.85,645.94,675.95,56.3,76.00%,80.00%
KIOCL,431.3,0.13%,427.05,"92,350","26,178.90",-136.7,19.8,634.55,209.84,-18.44%,10.55%,34.15%,142.03%,283.72%,15.29,-,-,-9.59%,-,453.51,331.42,44.04,-,-
PTC Industries,"17,354.00",0.41%,"17,151.00","9,292","25,897.10",422.5,21.69,"17,995.00","9,756.30",4.24%,17.19%,44.76%,465.25%,465.25%,18.67,-,-,5.96%,-,"15,433.74","14,395.44",65.99,50.00%,-
Anand Rathi Wealth,"3,099.10",0.35%,"3,111.30","1,12,898","25,640.10",74.34,10.51,"3,321.40","1,594.00",7.89%,16.98%,53.95%,771.19%,962.14%,31.71,0.45%,34.14%,54.40%,58.61,"2,982.63","2,261.29",53.54,60.00%,75.00%
Nuvama Wealth Management,"7,133.00",0.58%,"7,124.00","79,275","25,576.80",24.9,10.51,"8,508.50","4,735.45",5.60%,3.68%,1.95%,173.03%,173.03%,7.38,-,21.55%,23.65%,203.79,"6,732.43","6,500.50",54.14,50.00%,75.00%
Welspun Corp,952.85,-1.34%,970,"14,49,162","25,457.80",11.76,25.76,994,650.15,10.26%,7.50%,30.22%,334.50%,840.62%,3.1,0.52%,4.11%,28.96%,45.48,870.12,839.69,69.36,65.52%,80.00%
Brigade Enterprises,"1,041.40",0.36%,"1,038.90","3,92,667","25,370.00",31.24,-6.34,"1,340.50",852,16.13%,5.69%,-11.95%,109.81%,470.01%,3.92,0.24%,11.27%,12.78%,21.49,947.86,"1,025.59",68.82,67.19%,80.00%
Bandhan Bank,157.6,0.66%,156.6,"95,93,425","25,221.40",20.54,9.4,192.48,128.16,-5.04%,-6.21%,-12.53%,-32.55%,-48.88%,1.03,0.96%,10.32%,7.35%,15.97,164.87,162.12,40.34,59.47%,80.00%
Sumitomo Chemical,507.85,1.13%,504,"4,00,646","25,067.10",46.18,-23.88,665,446.2,-5.66%,-20.37%,-9.42%,3.65%,86.98%,7.84,0.24%,15.13%,22.88%,8.71,547.96,532.95,36.95,60.00%,75.00%
Emcure Pharmaceuticals,"1,326.00",0.54%,"1,328.90","2,02,073","24,994.30",32.46,54.8,"1,525.00",889,-1.04%,-6.02%,-8.14%,-2.44%,-2.44%,5.62,0.23%,16.90%,20.62%,26.63,"1,365.99","1,237.61",44.32,60.00%,-
Ramco Cements,"1,025.50",-1.81%,"1,049.00","2,58,845","24,679.60",77.62,60.26,"1,209.00",788.2,3.61%,-12.46%,16.84%,43.22%,23.99%,3.31,0.19%,5.43%,6.48%,13.66,"1,038.24",993.05,45.49,72.46%,80.00%
Firstsource Solutions,354.35,0.13%,354,"9,56,526","24,666.50",39.79,19.14,422.3,270,10.23%,3.04%,-1.34%,241.87%,410.59%,6.09,1.11%,13.91%,16.17%,7.43,347.39,352.36,60.16,64.77%,80.00%
Hatsun Agro Product,"1,073.30",-2.94%,"1,103.60","2,58,388","24,632.60",74.82,20.33,"1,200.00",859.55,16.51%,18.66%,0.49%,14.80%,80.17%,13.45,0.54%,17.00%,18.26%,14.26,927.64,935.06,66.15,50.00%,-
Sagility,52.49,-0.10%,53.3,"6,90,06,763","24,595.70",30.73,19.14,57.89,27.02,20.83%,15.19%,79.02%,79.02%,79.02%,2.77,-,-,8.91%,-,45.55,44.18,69.44,60.00%,70.00%
Shyam Metalics & Energy,901.2,2.66%,876,"3,20,022","24,503.60",26.5,25.76,"1,001.00",628.25,-7.17%,-7.82%,7.34%,198.11%,139.59%,2.32,0.51%,11.24%,11.83%,39.63,920.99,868.2,45.45,68.34%,80.00%
EIH Hotels,395.8,1.54%,389.9,"1,60,262","24,376.70",34.36,324.15,441.75,305,0.65%,4.85%,8.93%,110.03%,431.63%,5.29,0.38%,16.58%,19.87%,10.16,392.61,373.36,55.81,68.20%,80.00%
PNB Housing Finance,937.9,0.99%,929,"10,41,911","24,193.40",11.26,19.62,"1,141.90",746.7,5.61%,20.48%,-1.39%,168.09%,211.92%,1.35,0.54%,10.07%,9.27%,61.35,851.62,923.55,67.97,73.81%,80.00%
AstraZeneca Pharma,"9,827.50",2.85%,"9,555.00","35,845","23,887.50",130.02,52.29,"10,691.00","6,220.00",5.32%,9.71%,33.68%,192.02%,129.21%,30.95,0.34%,22.69%,19.36%,52.4,"9,050.37","8,477.32",75.67,60.00%,75.00%
CESC,179.88,-0.04%,180.36,"17,62,258","23,855.00",15.71,7.39,203.8,119,8.15%,9.82%,-0.53%,136.68%,216.52%,1.87,2.52%,12.08%,9.56%,10.61,167.16,159.68,59.24,74.93%,80.00%
Pfizer,"5,181.50",-0.53%,"5,212.50","14,894","23,830.00",29.46,52.29,"5,993.00","3,701.00",-0.79%,3.44%,-0.13%,15.31%,5.39%,5.65,3.17%,15.33%,23.60%,131.73,"5,221.83","4,907.14",44.23,71.85%,80.00%
Timken,"3,061.90",-2.61%,"3,144.10","50,642","23,648.80",52.06,28.62,"3,575.00","2,202.00",-0.46%,-0.96%,-13.15%,9.13%,188.91%,8.33,1.14%,16.22%,19.12%,52.95,"2,991.62","2,935.92",55.75,68.29%,80.00%
Deepak Nitrite,"1,736.40",0.46%,"1,728.90","63,822","23,574.20",38.84,25.14,"2,885.10","1,725.00",-6.23%,-4.46%,-34.42%,-25.13%,141.50%,4.38,0.43%,16.81%,14.43%,59.06,"1,787.05","1,953.61",36.66,60.00%,80.00%
ZF Commercial,"12,660.00",1.90%,"12,424.00","4,118","23,565.30",48.81,80.72,"15,290.00","9,561.00",-6.70%,-5.19%,-13.41%,26.67%,161.45%,7.34,0.15%,14.57%,18.66%,214.21,"13,389.02","12,707.71",39.3,68.36%,80.00%
Asahi India Glass,929.75,0.74%,927.5,"1,16,127","23,527.20",68.1,25.44,959.7,576.8,3.81%,11.99%,28.81%,50.24%,320.23%,6.41,0.21%,13.95%,13.02%,12.43,889.2,759.41,55.26,60.00%,70.00%
Karur Vysya Bank,251.8,3.56%,245.12,"73,12,500","23,493.50",11.16,9.4,251.95,154.62,20.37%,14.63%,35.41%,199.33%,838.50%,1.97,0.89%,15.98%,6.71%,21.19,220.68,200.45,70.11,69.32%,80.00%
Emami,533.7,-0.13%,535.15,"5,71,507","23,326.60",28.58,16.79,743,507.7,-3.06%,-12.72%,-21.01%,11.85%,43.22%,8.66,1.87%,29.46%,32.79%,17.04,568.25,578.38,37.9,68.66%,80.00%
Force Motors,"18,442.00",4.46%,"17,860.00","1,35,515","23,008.30",26.99,604.33,"21,990.00","6,125.00",9.73%,8.40%,149.77%,1257.48%,1704.50%,7.66,0.23%,17.20%,37.08%,330.24,"17,826.58","12,762.58",63.09,50.00%,75.00%
Netweb Technologies,"3,798.80",-5.92%,"3,858.00","23,51,508","22,875.70",177.24,18.14,"4,479.00","1,251.55",-11.90%,64.87%,43.72%,317.27%,317.27%,43.15,0.06%,17.95%,29.28%,15.3,"3,385.24","2,170.58",50.59,50.00%,70.00%
Manappuram Finance,267.85,-0.61%,269,"36,43,932","22,811.40",53.56,10.51,298,147.67,-6.41%,1.42%,75.18%,154.25%,68.35%,1.79,1.49%,18.98%,10.79%,26.55,282.87,245.44,33.06,73.96%,80.00%
Credit Access Grameen,"1,409.20",-1.01%,"1,412.70","1,71,173","22,756.10",169.41,10.51,"1,490.10",750.2,-0.12%,13.88%,47.56%,44.70%,121.14%,3.26,-,22.01%,9.69%,93.77,"1,372.59","1,175.55",52.44,63.87%,80.00%
IIFL Finance,540.45,1.09%,540.05,"35,79,789","22,720.00",22.17,10.51,551.95,279.8,18.21%,20.21%,20.54%,35.47%,597.62%,1.75,-,15.76%,8.01%,38.34,466.91,417.74,72.05,71.28%,65.00%
Tata Chemicals,875.35,-1.72%,867,"9,50,452","22,689.90",44.23,25.14,"1,159.20",756,-5.42%,-10.07%,-22.24%,-22.64%,182.23%,1.05,1.24%,1.94%,3.43%,29.55,931.56,903.66,34.55,76.00%,80.00%
Angel One,"2,563.80",2.86%,"2,492.40","6,23,626","22,598.20",28.91,10.51,"3,503.15","1,941.00",16.47%,-2.43%,-11.17%,61.95%,757.75%,3.89,1.92%,37.04%,33.08%,132.93,"2,334.54","2,490.95",67.14,69.05%,80.00%
eClerx Services,"4,733.00",0.11%,"4,740.00","1,13,743","22,527.20",37.76,19.14,"4,830.00","2,168.00",20.49%,15.80%,57.86%,258.28%,954.59%,8.84,0.02%,28.50%,27.85%,105.67,"4,289.41","3,461.12",65.74,67.08%,80.00%
Punjab & Sind Bank,31.86,1.89%,31.48,"51,63,099","22,187.90",19.2,10.41,56.3,25.22,6.41%,9.98%,-38.77%,86.32%,201.99%,1.77,0.22%,3.83%,5.58%,0.92,29.68,33.87,63.77,50.00%,-
Sun TV Network,564,0.39%,561.1,"71,221","22,139.70",13.23,12.08,782.9,518.05,-2.39%,-0.27%,-24.19%,3.54%,35.20%,1.9,2.67%,18.40%,18.95%,48.03,561.05,598.21,49.54,71.72%,80.00%
Anant Raj,650.2,0.90%,644,"18,54,621","22,119.70",50.32,-6.34,947.9,376.15,-9.67%,15.60%,-10.57%,488.68%,3502.22%,4.41,0.11%,7.18%,10.57%,8.81,617.16,566.91,52.66,50.00%,65.00%
Ola Electric Mobility,51.12,1.95%,48.65,"1,30,95,826","22,115.90",-9.42,54.4,102.5,39.6,-5.32%,25.14%,-36.76%,-43.95%,-43.95%,4.31,-,-,-25.40%,-,55.23,53.2,43.64,-,-
Aadhar Housing Finance,509.3,-0.11%,511.15,"2,86,363","22,081.20",23.27,19.62,547.8,346.05,-0.13%,1.84%,12.83%,54.59%,54.59%,3.48,-,14.73%,10.34%,18.84,515.41,460.19,46.51,60.00%,70.00%
Aditya Birla Sun Life AMC,767.85,0.77%,762,"1,09,331","21,995.80",22.6,10.51,911.85,556.45,-5.65%,-11.10%,-2.74%,82.43%,9.78%,6.16,3.16%,24.63%,32.26%,28.86,828.66,749.81,32.97,68.33%,80.00%
Bayer Crop Science,"4,871.70",-0.26%,"4,884.60","15,239","21,952.40",37.04,37.04,"6,862.25","4,217.45",-3.62%,-22.07%,-27.52%,5.43%,-9.47%,7.7,2.56%,25.99%,23.97%,148.24,"5,092.98","5,246.57",38.88,70.34%,80.00%
KEC International,811.5,-0.76%,818,"2,04,380","21,768.50",35.83,21.46,"1,313.25",627.45,-5.04%,-2.61%,-16.23%,89.60%,149.42%,4.07,0.67%,8.47%,23.37%,15.25,850.94,820.36,30.92,64.72%,80.00%
Eris Lifesciences,"1,597.30",0.35%,"1,602.00","67,296","21,681.10",52.68,26.33,"1,910.00","1,097.20",0.25%,-11.41%,21.23%,119.45%,208.30%,7.58,0.46%,16.85%,12.74%,27.95,"1,656.40","1,531.70",44.11,68.93%,80.00%
Kalpataru Projects International,"1,273.30",1.35%,"1,280.00","3,65,666","21,455.90",26.54,21.46,"1,352.85",786.3,1.95%,13.20%,0.73%,142.19%,142.19%,3.08,0.72%,10.09%,16.19%,30.04,"1,262.57","1,114.97",54.32,66.87%,80.00%
Onesource Specialty Pharma,"1,877.80",1.28%,"1,854.10","1,00,410","21,234.10","-1,687.77",54.8,"2,248.00","1,209.95",3.98%,-2.09%,9.81%,9.81%,9.81%,3.62,-,-,1.54%,-,"1,844.11",-,57.18,60.00%,70.00%
Neuland Laboratories,"17,159.00",4.16%,"16,552.00","76,688","21,134.70",120.3,60.61,"18,100.00","10,190.70",12.81%,31.15%,16.50%,1065.89%,1230.26%,13.91,0.07%,23.39%,20.69%,249.83,"15,228.58","13,178.75",66.86,36.00%,70.00%
Aditya Birla Real Estate,"1,875.00",-0.09%,"1,876.70","1,11,786","20,961.90",-94.29,-6.34,"2,980.00","1,562.60",15.80%,-3.11%,-31.80%,-30.19%,-30.19%,5.55,0.11%,7.45%,-1.54%,21.24,"1,753.54","1,980.98",65.79,64.39%,80.00%
Chalet Hotels,958.2,0.89%,946,"91,856","20,769.60",73.01,324.15,"1,082.00",634.05,-1.37%,6.73%,10.53%,160.70%,586.64%,6.83,-,15.03%,12.21%,11.47,988.48,878.05,49.57,68.91%,80.00%
Poly Medicure,"1,914.60",-4.26%,"2,005.00","1,54,227","20,262.10",56.64,32.94,"3,150.00","1,821.20",0.20%,-4.48%,-33.43%,111.43%,284.61%,7.32,0.18%,14.44%,16.46%,28.09,"1,970.60","2,182.32",47.42,50.00%,65.00%
Kansai Nerolac Paints,249.15,0.48%,248.15,"2,65,741","20,047.60",18.23,45.4,289.65,218.2,-1.27%,2.12%,-12.82%,-19.52%,-27.21%,3.12,1.51%,21.00%,22.31%,8.39,246.62,245.46,49.62,73.02%,80.00%
RBL Bank,328.75,0.74%,327.5,"56,70,523","20,005.90",37.01,9.4,331.5,146.1,19.16%,23.89%,91.18%,143.70%,78.18%,1.24,0.30%,8.49%,5.64%,21.3,283.69,222.6,72.87,57.29%,80.00%
Schneider Electric Infra,862.65,3.13%,842.4,"1,15,034","20,001.10",76.69,34.77,"1,052.00",540,0.81%,-16.41%,13.87%,368.96%,1154.76%,43.69,-,-,35.47%,-,854.8,755.19,55.11,-,-
DCM Shriram Consolidated,"1,277.20",-0.31%,"1,286.00","46,270","19,979.30",28.03,28.03,"1,502.30",902.6,6.80%,-7.25%,21.37%,24.72%,295.54%,2.77,0.71%,6.86%,11.19%,31.47,"1,231.13","1,160.53",56.29,66.49%,80.00%
Sundram Fasteners,955.5,0.64%,954.4,"4,49,496","19,949.60",35.86,80.72,"1,399.90",831.15,-6.83%,-1.55%,-29.78%,0.80%,123.95%,4.92,0.76%,15.27%,18.24%,25.5,"1,001.81",984.34,38.7,72.43%,80.00%
Devyani International,161.18,-0.38%,162.45,"24,74,089","19,932.70",-735.68,324.15,209.75,134,-3.69%,-1.65%,-4.14%,-12.14%,30.51%,13.18,-,-0.72%,6.57%,0.66,171.87,169.46,39.59,60.00%,75.00%
Redington,252.9,-0.33%,255.65,"30,71,839","19,837.50",10.81,42.65,334.8,176.94,-9.63%,0.40%,33.76%,60.88%,314.05%,2.28,2.68%,15.75%,27.87%,15.55,263.08,257.06,38.43,64.86%,80.00%
Jyoti CNC Automation,876.7,1.47%,867,"4,85,699","19,649.40",58.41,-43.57,"1,504.30",750.1,-4.79%,-14.85%,-16.77%,101.91%,101.91%,11.66,-,18.35%,25.44%,9.47,910.69,"1,033.67",41.82,50.00%,65.00%
Capri Global Capital,203.3,0.13%,203.6,"18,83,109","19,524.10",27.28,10.51,231.35,150.51,7.37%,6.93%,-1.36%,14.75%,246.22%,3.1,0.08%,5.74%,9.96%,3.53,191.26,175.93,61.63,50.00%,70.00%
Computer Age Management Services,"3,897.40",-1.11%,"3,924.10","2,48,008","19,508.00",42.49,25.16,"5,367.50","3,031.05",2.26%,2.60%,-14.20%,57.60%,207.94%,17.43,1.84%,38.33%,49.51%,78.32,"3,859.41","3,853.56",51.63,74.00%,80.00%
Castrol,196.21,0.62%,195.01,"11,47,536","19,288.90",20.18,25.14,251.95,162.6,-3.18%,-10.63%,-5.05%,60.17%,75.27%,10.61,6.66%,40.73%,53.57%,8.95,200.28,206.95,40.79,67.54%,80.00%
Chambal Fertilisers & Chemicals,488.3,1.55%,483.15,"5,49,337","19,265.40",11.01,34.91,742.2,452.35,-6.04%,-8.24%,2.35%,57.36%,202.07%,2.21,2.08%,17.58%,24.43%,34.58,522.26,559.57,41.55,73.76%,80.00%
Kajaria Ceramics,"1,184.60",-1.90%,"1,200.60","3,43,339","19,233.70",52.44,20.68,"1,321.90",758.7,-1.79%,-0.44%,-2.95%,12.14%,106.12%,7,0.75%,16.15%,16.54%,25.39,"1,220.74","1,053.62",39.13,70.59%,80.00%
Five Star Business Finance,660,1.11%,640,"23,26,067","19,221.50",17.39,10.51,850,501,23.61%,9.11%,-5.05%,34.69%,34.69%,2.82,0.31%,9.30%,13.86%,30.9,544.56,665.4,82.5,60.00%,75.00%
Sai Life Sciences,922.7,0.49%,917.8,"2,57,808","19,213.30",78.96,26.33,943,636.1,4.54%,14.56%,20.67%,20.67%,20.67%,9.06,-,-,12.52%,-,876.24,776.04,63.28,65.00%,70.00%
Reliance Power,43.89,-5.45%,46,"7,19,77,053","19,198.20",6.21,7.39,76.49,31.27,-5.57%,-7.76%,4.43%,174.31%,1293.33%,1.28,-,-,16.13%,-,45.99,47.08,43.4,-,-
BASF,"4,457.10",1.02%,"4,410.50","14,889","19,097.60",48.25,25.14,"8,508.95","4,065.05",-4.92%,-6.35%,-46.22%,56.57%,236.79%,5.26,0.45%,17.47%,17.25%,129.85,"4,568.89","4,685.16",44.12,66.45%,80.00%
EID Parry,"1,060.30",-1.13%,"1,077.70","1,37,041","19,073.90",9.47,18.94,"1,246.80",639,1.77%,-10.98%,35.48%,66.75%,288.03%,2.39,-,14.43%,20.21%,49.62,"1,073.78",955.7,50.56,68.09%,80.00%
Godawari Power & Ispat,281.85,-0.67%,283.1,"18,81,772","18,999.70",25.56,22.42,290,145.75,13.93%,43.51%,42.95%,424.57%,1448.63%,3.87,0.77%,20.10%,21.98%,72.91,251.84,202.72,72.69,60.00%,65.00%
KFin Technologies,"1,102.80",0.43%,"1,098.10","3,13,462","18,916.20",54.73,25.16,"1,641.35",784.15,3.33%,-1.87%,9.23%,203.09%,203.09%,13.44,0.68%,21.56%,28.63%,15.8,"1,096.46","1,110.23",47.59,68.53%,80.00%
Gujarat Mineral Development Corporation,600.45,1.03%,595.55,"31,87,168","18,898.70",28.4,19.8,651,226.59,-2.06%,46.97%,67.75%,319.75%,1321.18%,2.95,1.70%,20.97%,12.42%,18.32,550.12,390.16,57.48,62.20%,78.63%
Deepak Fertilisers & Petrochemicals,"1,485.50",-0.41%,"1,485.00","1,48,083","18,829.60",19.04,25.14,"1,778.60",888.9,-5.53%,-3.88%,16.27%,64.33%,901.01%,3.02,0.67%,23.51%,16.65%,41.83,"1,470.53","1,361.92",51.46,62.95%,80.00%
Grindwell Norton,"1,672.50",-0.98%,"1,689.10","32,792","18,701.70",48.76,-245.26,"2,280.00","1,356.05",0.58%,11.50%,-24.05%,-20.60%,203.02%,8.19,1.01%,18.58%,20.71%,34.33,"1,623.64","1,671.98",55.3,68.22%,80.00%
Sarda Energy & Minerals,546.15,3.14%,531,"9,75,151","18,658.60",19.83,22.42,639.75,396.6,-5.43%,4.18%,26.22%,555.48%,1951.65%,2.97,0.28%,17.24%,12.51%,15.69,569.32,493.62,48.35,50.00%,65.00%
JSW Cement,135.63,-0.59%,135.99,"6,72,356","18,601.80",-113.71,36.01,162.15,133.72,-2.33%,-7.15%,-7.15%,-7.15%,-7.15%,4.41,-,-,4.90%,-,143.85,-,41.71,-,70.00%
Allied Blenders & Distillers,683.8,3.29%,666,"10,13,345","18,518.20",77.33,55.81,671.4,279,23.65%,29.29%,112.69%,115.10%,115.10%,12,0.54%,0.39%,23.22%,0.7,548.37,429.9,78.5,60.00%,70.00%
Amara Raja Energy & Mobility,"1,010.20",0.54%,"1,001.10","2,55,541","18,389.50",21.36,80.72,"1,409.00",832.3,1.12%,5.49%,-26.49%,67.21%,67.21%,2.49,1.05%,13.74%,16.77%,53.17,"1,005.57","1,003.22",54.57,90.00%,80.00%
Bikaji Foods International,726.55,-0.55%,730.6,"65,154","18,308.30",94.15,20.33,899,558.8,-0.37%,-2.50%,-16.97%,128.87%,128.87%,13.27,0.14%,13.30%,16.94%,11.29,757.57,720.05,41.78,60.00%,75.00%
Gabriel,"1,287.40",1.06%,"1,273.80","1,63,243","18,298.80",73.43,80.72,"1,388.00",387,-0.19%,25.11%,185.01%,724.99%,1285.05%,15.48,0.37%,17.84%,26.70%,13.53,"1,249.33",807.85,54.24,36.00%,75.00%
Crompton Greaves,284.1,0.50%,282.7,"32,15,109","18,203.10",33.99,34.77,419.45,278,-3.76%,-13.15%,-26.16%,-21.83%,-4.39%,5.37,1.06%,12.81%,19.23%,7.36,303.89,332.93,36.98,76.00%,80.00%
JSW Holdings,"16,998.00",3.76%,"16,200.00","2,412","18,183.40",103.05,10.51,"27,740.00","9,741.35",7.01%,-10.82%,67.38%,303.93%,582.40%,0.58,-,-,0.66%,-,"17,567.86","20,025.36",48.97,-,-
Firstcry (Brainbees Solutions),348.6,0.06%,348.5,"2,93,098","18,183.30",-71.12,42.65,664.65,286.05,-6.32%,-4.45%,-43.55%,-48.67%,-48.67%,3.83,-,-8.48%,-1.09%,-,372.65,379.16,36.12,60.00%,75.00%
Zensar Technologies,755.9,-5.22%,792.95,"15,56,599","18,128.00",26.91,19.14,984.95,535.85,-0.57%,-5.59%,6.05%,250.12%,326.70%,4.46,1.63%,18.67%,20.39%,29.42,791.23,786.81,38.92,66.10%,80.00%
Whirlpool,"1,378.30",-1.49%,"1,375.10","2,55,456","17,750.60",48.74,63.33,"2,122.90",899,16.86%,3.09%,-30.87%,-9.26%,-32.39%,4.49,0.36%,5.84%,11.63%,23.58,"1,301.55","1,252.85",58.98,66.48%,80.00%
LMW,"15,853.00",0.72%,"15,694.00","2,386","17,732.40",163.18,56.42,"18,250.00","13,450.05",6.88%,3.08%,-5.04%,-6.66%,-6.66%,6.05,0.19%,13.82%,5.04%,272.28,"14,952.64","15,640.06",61.48,70.00%,75.00%
Alembic Pharmaceuticals,924.2,2.99%,897.4,"90,497","17,639.60",29.32,54.8,"1,152.00",725.2,1.52%,-4.45%,-17.76%,40.42%,-7.35%,3.4,1.23%,12.78%,14.66%,32.05,934.63,928.68,50.52,67.21%,80.00%
Jubilant Pharmova,"1,169.80",6.25%,"1,105.00","8,51,720","17,536.90",36.86,60.61,"1,309.90",802,4.50%,1.99%,-6.60%,217.02%,68.01%,2.65,0.45%,1.34%,11.53%,14.96,"1,093.61","1,038.39",62.69,65.08%,80.00%
Nava,608.1,-1.73%,618.85,"3,95,467","17,512.10",12.93,30.52,735,356.05,-6.75%,-1.87%,23.36%,504.59%,2280.04%,2.36,1.26%,15.09%,15.42%,64.33,660.4,538.54,36.14,62.51%,80.00%
Gujarat State Petronet,310.05,0.13%,309,"1,24,806","17,470.80",11.09,25.16,401.4,261.45,-4.70%,1.56%,-19.64%,37.59%,67.32%,1.5,1.61%,18.46%,13.15%,29.39,310.4,316.03,45.6,69.42%,80.00%
Travel Food Services,"1,314.80",-0.28%,"1,307.90","44,036","17,361.90",45.65,324.15,"1,435.00","1,008.50",-5.33%,29.24%,22.33%,22.33%,22.33%,16.45,0.64%,-,42.28%,-,"1,309.74",-,47.24,-,75.00%
Sobha,"1,656.40",2.34%,"1,620.00","2,47,344","17,306.80",116.4,-6.34,"1,732.50","1,075.30",12.66%,5.65%,5.76%,174.35%,476.98%,3.75,0.19%,1.95%,5.96%,4.55,"1,519.70","1,406.24",69.62,64.63%,80.00%
Ventive Hospitality,744.05,0.70%,744.9,"41,204","17,256.40",98.24,324.15,840,523.4,2.83%,-3.41%,5.64%,5.64%,5.64%,3.61,-,-,5.99%,-,737.3,727.96,53.33,65.00%,-
Choice International,830.55,-0.72%,837.8,"4,11,814","17,205.10",91.25,10.51,838,438.45,6.01%,10.40%,59.95%,473.19%,1002.84%,16.33,-,12.46%,20.17%,6.86,805.41,663.84,58.57,50.00%,60.00%
Carborundum Universal,909.45,0.99%,897,"60,298","17,148.80",84.79,-245.26,"1,530.90",809.1,-2.98%,-0.88%,-35.48%,7.76%,201.54%,4.87,0.44%,14.58%,12.27%,20.19,935.32,979.72,46.66,70.00%,80.00%
Vinati Organics,"1,663.70",0.69%,"1,650.30","22,650","17,128.70",40.25,25.14,"2,040.00","1,412.50",-1.44%,-6.25%,-10.85%,-14.54%,43.67%,6.13,0.45%,20.65%,18.10%,32.57,"1,705.29","1,725.90",41.79,71.27%,80.00%
ACME Solar Holdings,272.65,-3.25%,283.5,"12,84,845","17,051.40",44.91,22.37,324.3,167.75,-4.75%,-1.41%,7.70%,7.70%,7.70%,3.78,0.07%,-,6.42%,-,289.32,245.67,40.54,60.00%,70.00%
Triveni Turbines,540.05,0.89%,535.3,"3,05,065","17,016.10",49.64,34.77,885,460.3,3.53%,-8.52%,-20.69%,91.88%,687.82%,13.99,0.75%,25.33%,38.63%,9.07,525.78,566.16,60.43,50.00%,75.00%
Ratnamani Metals & Tubes,"2,482.10",2.36%,"2,422.00","17,081","16,995.90",30.23,22.42,"3,750.00","2,256.00",2.77%,-0.96%,-32.86%,25.01%,198.37%,4.68,0.58%,19.44%,19.84%,84.75,"2,402.69","2,634.96",56.81,71.14%,80.00%
ATUL,"5,906.50",2.50%,"5,776.00","19,525","16,965.80",30.21,25.14,"8,097.00","4,752.00",-3.71%,-10.23%,-24.11%,-30.05%,-2.18%,2.87,0.43%,6.28%,11.71%,112.61,"6,163.29","6,401.75",44.68,70.29%,80.00%
Century Plyboards,754.65,0.03%,754,"31,684","16,761.80",81.8,25.16,897.1,631,-6.60%,0.14%,-10.58%,27.36%,322.89%,7.08,0.13%,20.10%,11.67%,12.61,777.49,753.61,44.88,69.54%,80.00%
Afcons Infrastructure,449.9,0.41%,447.35,"2,67,483","16,478.60",30.95,-6.34,570,390,0.01%,10.89%,-5.12%,-5.12%,-5.12%,3.13,0.56%,-,15.25%,-,446.7,443.34,50.58,60.00%,70.00%
CIE Automotive,437.6,1.25%,430.95,"1,15,400","16,396.00",20.28,21.69,521.1,356.75,6.14%,7.77%,-12.15%,-12.20%,-12.20%,2.37,1.62%,13.32%,15.32%,21.36,415.38,423.98,58.66,71.18%,80.00%
CEAT,"4,028.70",-0.10%,"4,056.00","1,31,244","16,312.30",33.02,35.77,"4,438.00","2,343.05",14.74%,24.12%,47.24%,166.97%,259.50%,3.73,0.74%,15.68%,15.23%,169.51,"3,540.20","3,300.69",61.54,67.70%,80.00%
Aditya Birla Lifestyle Brands,136.2,1.95%,133.9,"7,94,524","16,303.10",272.76,47.97,175,129.5,-0.18%,-0.45%,-14.15%,-14.15%,-14.15%,6.53,-,-,12.54%,-,139.77,-,46.19,60.00%,80.00%
PG Electroplast,575.95,0.88%,569.95,"7,08,068","16,219.30",59.9,44.1,"1,054.20",465,12.02%,-27.03%,-7.94%,469.68%,5464.73%,5.74,0.04%,19.57%,14.42%,7.08,557.44,739.66,54.57,66.60%,75.00%
Dr. Agarwal's Health Care,518.6,2.44%,510.25,"2,81,039","16,005.50",110.76,32.94,568,327,3.80%,13.88%,29.12%,29.12%,29.12%,8.34,-,-,8.41%,-,479.43,-,54.91,65.00%,70.00%
UTI AMC,"1,236.70",-0.87%,"1,247.50","52,816","15,993.20",24.19,10.51,"1,494.80",905,-5.91%,-5.89%,-7.15%,83.24%,150.04%,3.65,3.84%,16.13%,20.36%,61.66,"1,333.02","1,198.51",33.45,67.69%,80.00%
RR Kabel,"1,390.70",-1.51%,"1,475.40","32,48,731","15,967.80",47.34,25.97,"1,612.00",853.55,10.98%,7.58%,-8.45%,16.08%,16.08%,7.41,0.43%,16.30%,20.77%,25.49,"1,259.16","1,211.51",66.32,60.00%,75.00%
Ircon International,169.38,-0.14%,169.51,"12,53,481","15,953.00",23.89,-6.34,237.7,134.24,-2.98%,-4.82%,-19.32%,255.47%,350.48%,2.52,1.56%,14.65%,9.42%,10.27,173.08,176.8,43.98,60.50%,80.00%
Craftsman Automation,"6,793.50",1.70%,"6,780.00","82,286","15,935.50",75.37,80.72,"7,254.50","3,700.00",0.30%,2.50%,35.94%,116.33%,373.22%,5.57,0.08%,19.26%,10.28%,118.71,"6,740.69","5,575.69",57.2,66.99%,80.00%
Aptus Value Housing Finance,301.35,-5.12%,317,"66,53,857","15,900.30",18.87,19.62,364,267.95,-7.60%,-14.04%,-14.41%,-7.05%,-13.13%,3.7,1.41%,16.24%,13.64%,12.85,323.29,319.71,39.39,69.65%,80.00%
V-Guard Industries,369.7,2.06%,363,"11,24,381","15,794.10",54.43,34.77,454.55,300,0.65%,-0.20%,-17.94%,43.24%,116.20%,7.22,0.41%,14.20%,18.94%,6.72,366.15,367.89,52.17,71.71%,80.00%
Intellect Design Arena,"1,198.00",5.69%,"1,128.90","66,04,643","15,766.10",39.16,19.14,"1,255.00",577.4,21.49%,18.86%,62.64%,187.77%,410.55%,5.33,0.62%,13.17%,15.28%,22.02,999.66,935.98,74.74,50.00%,75.00%
Elgi Equipments,495.65,-0.35%,500.9,"2,03,122","15,763.10",43.44,42.69,673.9,401,0.25%,-11.99%,-23.58%,2.16%,360.00%,8.45,0.44%,19.36%,26.14%,10.23,484.47,499.64,55.22,60.00%,75.00%
JBM Auto,658.95,-0.91%,669,"2,99,205","15,726.90",70.56,80.72,898.83,489.8,-3.49%,4.85%,-17.15%,219.88%,1295.78%,11.09,0.13%,12.14%,18.88%,15.4,663.1,657.27,47.77,50.00%,65.00%
Great Eastern Shipping Company,"1,084.60",-1.36%,"1,101.00","2,38,515","15,698.70",7.71,27.34,"1,334.60",797.5,2.89%,16.56%,-16.15%,95.46%,397.52%,1.1,2.70%,21.09%,16.61%,199.62,"1,015.76",955.24,63.05,67.97%,80.00%
Vedant Fashions,642.6,-0.49%,647.25,"1,57,314","15,689.00",39.05,47.97,"1,512.00",643,-7.53%,-15.07%,-52.42%,-55.31%,-31.17%,10.3,1.24%,25.86%,27.76%,15.84,710.72,800.44,30.97,60.00%,75.00%
JM Financial,167.61,2.19%,164.02,"17,98,995","15,683.00",15.01,10.51,199.8,80.2,-0.40%,6.62%,23.77%,140.82%,120.68%,1.61,1.64%,0.25%,11.37%,12.12,175.85,137.58,44.98,63.58%,80.00%
Syrma SGS,790.55,-2.86%,813.8,"8,59,034","15,662.70",73.21,44.1,875,370,-4.58%,8.37%,56.82%,178.17%,154.61%,5.7,0.17%,7.98%,14.84%,5.58,803.05,605.39,47.81,50.00%,65.00%
Sammaan Capital,189.93,0.71%,188,"1,34,90,362","15,622.00",12.33,19.62,191.5,97.61,15.09%,50.11%,33.75%,-2.05%,-2.05%,0.72,1.06%,6.50%,3.96%,25.15,151.54,132.07,76.73,50.00%,75.00%
IFCI,57.33,-1.07%,58.25,"60,89,717","15,613.60",31.36,-82.98,74.5,36.2,-1.41%,-0.43%,0.37%,416.49%,888.45%,1.8,-,-1.80%,6.49%,0.53,55.44,53.22,54.75,0.00%,65.00%
DOMS Industries,"2,560.40",-0.45%,"2,575.00","16,524","15,609.50",71.48,-199.41,"3,115.00","2,092.30",2.38%,8.24%,-7.96%,93.08%,93.08%,15.56,0.12%,28.95%,23.91%,28.07,"2,541.54","2,559.86",54.79,60.00%,75.00%
Blue Dart Express,"6,370.50",-3.07%,"6,495.00","2,20,766","15,594.00",58.56,29.28,"8,183.40","5,365.00",12.06%,9.87%,-20.21%,-12.61%,63.42%,10.01,0.38%,22.02%,18.32%,123.54,"5,742.83","6,207.28",67.08,69.94%,80.00%
Caplin Point Laboratories,"2,006.20",-1.31%,"2,032.80","51,352","15,451.70",27.26,26.33,"2,641.00","1,599.00",-0.68%,-0.12%,1.85%,171.75%,311.19%,5.87,0.30%,19.77%,23.34%,62.84,"2,110.48","2,051.38",43.83,50.00%,75.00%
Aditya Infotech,"1,325.60",0.88%,"1,338.00","1,90,963","15,403.00",44.11,42.65,"1,476.00","1,015.00",-2.34%,22.44%,22.44%,22.44%,22.44%,10.21,-,-,44.01%,-,"1,364.47",-,43.98,-,70.00%
Data Patterns,"2,751.50",0.27%,"2,744.00","95,006","15,362.00",71.61,44.1,"3,268.80","1,351.15",-2.96%,1.39%,16.35%,95.58%,264.44%,10.19,0.29%,2.20%,11.06%,33.7,"2,688.77","2,405.12",50.35,0.00%,70.00%
Techno Electric & Engineering,"1,340.20",1.60%,"1,320.00","95,679","15,341.10",33.25,22.37,"1,720.00",785.15,-2.33%,-6.59%,-14.74%,363.18%,598.93%,4.1,0.68%,-,11.95%,-,"1,408.19","1,279.43",47.06,50.00%,75.00%
Signatureglobal,"1,099.90",1.44%,"1,085.00","2,93,451","15,235.60",118.25,-6.34,"1,414.80",988,4.48%,-5.12%,-18.84%,139.86%,139.86%,20.97,-,-126.98%,6.71%,2.15,"1,085.76","1,149.29",55.92,50.00%,75.00%
Zydus Wellness,479.8,0.67%,475,"1,97,683","15,163.50",46.43,20.33,530.9,298.64,3.30%,16.64%,22.86%,37.37%,36.26%,2.68,0.25%,4.98%,6.51%,47.81,470.44,394.34,52.42,71.60%,80.00%
Concord Biotech,"1,469.70",1.79%,"1,443.80","56,016","15,104.50",42.38,54.8,"2,451.70","1,345.00",-7.98%,-13.72%,-19.04%,55.89%,55.89%,8.33,0.61%,20.18%,26.76%,29.94,"1,600.92","1,741.98",39.19,50.00%,70.00%
Nuvoco Vistas Corporation,408.75,-1.42%,415.5,"1,76,263","14,809.50",54.11,36.01,477.5,287.05,-3.68%,-5.11%,14.03%,1.05%,-23.12%,1.61,-,1.64%,4.05%,3.8,436.32,372.8,39.44,71.10%,80.00%
Akzo Nobel,"3,261.20",0.60%,"3,269.90","55,970","14,762.80",36.31,45.4,"4,518.00","3,022.00",-2.47%,-12.38%,-23.85%,51.58%,67.37%,11.09,3.09%,32.08%,39.89%,94.71,"3,360.71","3,450.49",39.93,68.81%,70.00%
IndiaMART InterMesh,"2,466.80",0.36%,"2,447.90","53,005","14,755.30",27.43,25.16,"2,799.00","1,900.10",4.02%,-2.31%,0.16%,4.58%,4.26%,6.9,2.03%,19.24%,24.49%,60.84,"2,473.32","2,346.29",56.1,60.00%,75.00%
Swan Corp,471.8,0.47%,470,"7,02,041","14,719.90",23.21,47.97,809.8,362.2,3.16%,9.36%,-2.55%,123.13%,234.37%,2.16,0.02%,-1.63%,15.18%,9.61,457.02,458.8,60.29,50.00%,70.00%
Natco Pharma,831.5,1.41%,819.9,"4,80,835","14,685.20",8.67,54.8,"1,505.00",726.8,1.09%,-11.04%,-40.99%,33.42%,-7.20%,1.93,0.73%,14.68%,30.12%,91.37,841.48,908.99,49.63,66.12%,80.00%
LT Foods,415.1,-1.28%,420,"11,03,629","14,602.00",22.86,20.33,518.55,288.25,2.79%,-14.54%,3.88%,118.65%,118.65%,3.79,0.71%,15.11%,20.34%,17.54,428.03,413.19,46.29,63.59%,80.00%
International Gemmological Institute,343.15,1.61%,337.85,"7,97,162","14,594.00",29.73,25.16,642.3,282,-3.85%,-9.17%,-27.17%,-27.17%,-27.17%,11.78,0.72%,-,49.46%,-,350.97,383.1,48.26,60.00%,70.00%
Trident,28.91,0.98%,28.63,"40,84,424","14,589.70",33.3,23.33,40.2,23.11,1.05%,0.94%,-15.27%,-17.87%,273.03%,3.16,1.26%,8.11%,10.23%,0.65,28.58,28.93,55.92,67.46%,80.00%
Chennai Petroleum Corporation,953,-2.69%,971.5,"94,99,711","14,583.60",12.48,12.38,998,433.1,22.12%,46.82%,55.03%,363.75%,1186.10%,1.65,0.51%,31.12%,5.19%,170.95,754.09,653.14,70.5,62.63%,79.54%
Sundaram Finance Holdings,653.25,-0.16%,640.05,"1,44,497","14,532.30",31.58,10.51,701.5,240,3.68%,36.14%,88.09%,596.80%,1281.66%,2.59,0.89%,4.01%,2.03%,25.79,598.55,425.76,52.38,62.82%,70.00%
Kirloskar Oil Engines,"1,018.95",1.91%,990.1,"3,46,406","14,525.50",31.69,119.29,"1,209.00",544.4,13.00%,15.29%,-9.46%,286.26%,914.89%,4.71,0.65%,16.53%,16.14%,33.13,918.96,837.05,71.18,60.00%,70.00%
Leela Palaces Hotels & Resorts,435.95,0.52%,431.3,"1,80,487","14,483.80",56.36,324.15,474.4,382.5,1.02%,2.49%,0.09%,0.09%,0.09%,2.36,-,-,7.24%,-,425.28,-,52.08,60.00%,80.00%
Cello World,648.1,-1.00%,654.95,"2,07,869","14,460.20",40.59,42.65,870.15,494.75,8.61%,11.67%,-21.04%,-18.14%,-18.14%,6.67,0.23%,26.00%,20.25%,15.22,599.43,595.48,62.07,50.00%,75.00%
CarTrade Tech,"3,018.50",-0.03%,"3,029.90","2,63,127","14,374.60",71.03,25.16,"3,180.00","1,060.00",20.85%,34.65%,172.65%,460.64%,101.09%,6.18,-,1.91%,7.32%,18.07,"2,524.21","1,904.80",70.46,50.00%,75.00%
Usha Martin,478.25,2.88%,463.7,"11,00,670","14,165.90",35.2,22.42,488.35,278.55,3.43%,30.19%,15.79%,236.32%,2199.28%,5.16,0.65%,17.79%,18.22%,14.02,429.31,355.21,62.41,65.84%,80.00%
Acutaas Chemicals,"1,810.40",4.79%,"1,732.60","6,84,024","14,144.50",63,60.61,"1,868.20",918.78,30.55%,36.72%,83.57%,285.78%,287.25%,10.78,0.09%,14.02%,16.51%,15.13,"1,500.64","1,242.25",72.81,50.00%,70.00%
Supreme Petrochem,720.05,-4.04%,744.5,"2,35,512","14,109.70",45.9,22.29,979,518.05,-15.01%,-11.70%,-5.59%,88.72%,441.59%,6.36,1.33%,17.16%,22.53%,21.23,797.48,718.69,29.81,68.39%,-
Cemindia Projects,858.5,5.95%,812.95,"8,41,476","13,919.10",31.21,-6.34,944,476.6,4.78%,10.83%,55.05%,620.22%,1617.00%,6.8,0.25%,18.30%,36.04%,18.73,788.13,682.89,60.48,62.97%,80.00%
Rainbow Childrens Medicare,"1,377.50",0.59%,"1,375.00","1,53,029","13,907.50",53.84,32.94,"1,709.60","1,218.00",1.72%,-8.33%,-15.51%,90.46%,205.98%,9.47,0.22%,17.26%,18.08%,21.23,"1,414.05","1,418.56",51.32,60.00%,70.00%
Newgen Software Technologies,994.6,1.90%,983.35,"10,05,261","13,829.30",42.29,19.14,"1,798.90",758.2,11.55%,19.24%,-22.61%,482.49%,692.32%,8.72,0.50%,20.56%,25.22%,19.17,897.11,"1,024.25",68.88,50.00%,75.00%
Bombay Burmah Trading,"1,979.80",-0.05%,"1,980.90","40,241","13,820.40",6.21,80.72,"2,873.95","1,607.05",7.68%,4.49%,-25.84%,127.47%,67.47%,2.45,0.86%,26.15%,37.06%,165.89,"1,896.97","1,909.38",53.66,65.39%,80.00%
Aarti Industries,388.65,2.29%,379.95,"7,92,351","13,776.80",58.1,25.14,529.5,344.2,2.12%,-1.63%,-23.05%,-46.81%,-12.39%,2.46,0.26%,7.87%,7.62%,13.35,381.84,419.14,57.76,74.84%,80.00%
KSB,785.55,-0.65%,792,"29,974","13,760.40",53.6,56.72,912,582.25,-3.48%,-5.21%,-0.92%,105.03%,788.13%,8.97,0.51%,16.03%,21.55%,12.51,817.75,772.71,35.92,50.00%,80.00%
Bata,"1,070.50",-0.01%,"1,070.60","1,00,624","13,760.20",80.76,30.61,"1,479.00","1,025.10",-11.63%,-9.75%,-19.90%,-41.57%,-17.52%,9.03,1.77%,17.19%,19.23%,27.57,"1,172.15","1,222.51",27.84,73.50%,80.00%
Granules,573.65,1.42%,565.95,"4,61,593","13,725.30",28.61,54.8,628,422,2.93%,26.35%,4.31%,51.50%,53.57%,3.69,0.27%,12.57%,17.96%,20.3,535.65,509.15,61.54,74.22%,80.00%
Jupiter Wagons,324.05,0.43%,322.65,"5,21,063","13,696.40",42.84,-43.57,588,270.05,-4.61%,-5.08%,-35.30%,344.21%,2291.51%,5.03,0.40%,20.29%,19.60%,8.5,330.29,356.99,45.49,60.83%,80.00%
PCBL Chemical,357.8,-1.19%,364.8,"15,22,208","13,667.90",39.23,25.14,498.4,331,-6.85%,-10.76%,-14.38%,186.81%,407.30%,3.54,1.52%,15.11%,13.26%,13.24,379.57,390.43,36.88,65.02%,80.00%
Fine Organic Industries,"4,426.20",-0.25%,"4,438.00","8,508","13,604.40",32.83,25.14,"5,494.00","3,407.00",-4.50%,-16.18%,-13.77%,-29.15%,78.70%,5.93,0.25%,21.44%,24.27%,138.88,"4,664.00","4,526.14",36.02,50.00%,75.00%
Paradeep Phosphates,167.61,0.73%,166.4,"24,69,804","13,584.00",16.93,34.91,234.39,83.25,-13.42%,-26.69%,61.58%,172.32%,281.80%,3.33,0.60%,8.68%,22.66%,2.76,187.78,154.52,37.5,62.50%,79.06%
Minda Corporation,588.85,4.46%,563.7,"5,19,357","13,476.90",52.53,80.72,606.9,445.05,0.09%,18.64%,16.90%,203.84%,794.23%,6.13,0.25%,11.37%,13.79%,10.3,546.91,527.81,60.3,67.22%,80.00%
Belrise Industries,145.11,-3.63%,150.75,"48,14,143","13,398.90",33.96,80.72,164.5,89.15,-10.99%,1.37%,48.97%,48.97%,48.97%,2.77,0.27%,-,16.84%,-,149.94,-,38.51,60.00%,70.00%
Transformers & Rectifiers,444.8,-0.13%,445.6,"5,91,606","13,369.40",50.84,34.77,"1,297.80",356,-10.51%,-20.42%,-7.19%,1420.68%,10125.29%,10.68,0.04%,-,24.24%,-,494.66,486.56,24.88,50.00%,70.00%
NCC,214.02,0.78%,213.85,"33,43,115","13,333.60",15.69,-6.34,326.45,170.05,1.73%,1.21%,-30.60%,190.20%,526.71%,1.82,1.04%,9.96%,23.70%,12.23,210.44,216.36,55.45,71.80%,80.00%
Jain Resource Recycling,372.7,-3.46%,385.35,"27,47,552","13,322.00",50.12,19.8,413.66,247.57,22.37%,17.18%,17.18%,17.18%,17.18%,9.77,-,-,52.13%,-,-,-,58.69,-,75.00%
Action Construction Equipment,"1,095.40",-0.50%,"1,102.00","76,165","13,109.90",31.05,-43.57,"1,600.00",917.45,1.73%,-0.88%,-15.72%,266.78%,1428.82%,8.09,0.18%,26.65%,35.46%,28.95,"1,092.25","1,169.49",49.66,50.00%,65.00%
Lemon Tree Hotels,168.3,1.83%,165.36,"12,93,133","13,093.50",48.46,324.15,180.68,115.4,-2.85%,15.30%,43.74%,80.39%,519.89%,11.28,-,9.94%,13.58%,1.83,168.77,146.77,53.58,67.71%,80.00%
Aavas Financiers,"1,649.50",-0.03%,"1,641.80","98,070","13,061.60",26.62,19.62,"2,234.00","1,516.90",-0.75%,-3.43%,-2.32%,-11.69%,12.52%,3.46,-,13.00%,8.96%,61.97,"1,626.19","1,779.48",50.88,69.88%,80.00%
BLS International Services,317.5,0.92%,314,"20,28,600","12,953.40",21.59,19.14,521.8,276.95,-3.82%,-17.40%,-21.04%,87.32%,1446.52%,7.48,0.32%,24.40%,27.33%,8.7,343.9,375.01,45.22,50.00%,65.00%
Indegene,536.3,-0.57%,544.75,"2,31,121","12,953.10",29.13,25.16,735,499,-7.49%,-8.72%,-18.10%,-6.06%,-6.06%,4.53,0.37%,23.56%,20.33%,14.81,558.78,572.25,40.98,60.00%,65.00%
Waaree Renewable Technologies,"1,235.00",-0.45%,"1,246.10","5,61,924","12,932.80",36.98,22.37,"1,358.00",841.15,17.94%,19.32%,44.23%,44.23%,44.23%,19.66,0.08%,-,62.17%,-,"1,116.15",-,55.09,50.00%,70.00%
Cyient,"1,160.50",-0.17%,"1,162.50","2,63,687","12,913.90",21.01,19.14,"2,112.00","1,084.05",-0.84%,-4.09%,-36.96%,58.70%,183.67%,2.32,2.24%,15.42%,15.30%,63.07,"1,190.37","1,281.80",44.53,73.33%,80.00%
Tega Industries,"1,952.70",0.70%,"1,939.10","87,765","12,901.90",64.9,-43.57,"2,328.90","1,200.05",-1.08%,2.56%,-1.28%,258.16%,168.95%,9.24,0.10%,16.27%,18.43%,31.44,"1,949.08","1,644.07",54.93,66.05%,70.00%
Godrej Agrovet,660.75,-0.38%,663.25,"1,19,511","12,756.20",30.28,20.33,876.35,648.2,-4.30%,-18.57%,-8.00%,31.51%,25.32%,5.35,1.66%,12.31%,20.74%,20.26,703.25,745.67,39.2,68.81%,80.00%
Olectra Greentech,"1,513.40",-2.27%,"1,546.10","2,62,274","12,710.20",90.13,604.33,"1,714.20",989.95,-2.05%,4.29%,-6.56%,172.27%,2525.15%,12.11,0.03%,7.95%,19.16%,10.08,"1,547.52","1,324.46",51.45,50.00%,65.00%
Embassy Developments,93.78,0.98%,92.75,"29,48,546","12,684.60",-281.55,-6.34,163.69,89.22,-3.00%,-8.77%,-11.79%,-37.05%,-37.05%,1.24,-,-16.57%,3.63%,-,95.34,110.99,48.21,50.00%,75.00%
NMDC Steel,45.48,5.64%,43,"1,55,25,470","12,616.30",-,25.76,50.39,32.13,-3.64%,23.02%,-3.17%,43.24%,43.24%,-,-,-,-14.38%,-,43.91,39.36,53.69,50.00%,65.00%
Mahanagar Gas,"1,277.30",0.03%,"1,271.00","98,459","12,612.90",12.87,25.16,"1,586.90","1,075.25",-0.31%,-4.26%,-7.96%,43.98%,56.80%,2.03,2.35%,24.86%,21.64%,121.15,"1,293.42","1,340.53",45.2,74.26%,80.00%
Vardhman Textiles,443.4,1.69%,438.2,"4,89,781","12,611.80",14.91,23.33,563.95,361.1,8.69%,6.36%,-6.00%,25.98%,187.81%,1.24,1.15%,9.30%,11.25%,25.37,419.08,445.99,62.55,67.53%,80.00%
Elecon Engineering Company,557.65,-0.68%,561.45,"2,87,587","12,598.90",24.36,-43.57,716.25,376.95,-4.60%,-2.67%,-4.68%,178.83%,4887.92%,5.62,0.36%,22.17%,25.09%,15.86,574.01,560.69,45.99,60.00%,70.00%
India Cements,401.9,-0.11%,402.35,"5,66,345","12,468.70",982.2,60.26,430.45,238.85,3.92%,11.18%,11.27%,64.54%,245.13%,2.61,-,-2.91%,0.66%,-,391.27,334.37,61.31,66.29%,80.00%
SBFC Finance,118.5,3.87%,117,"2,92,76,945","12,452.30",36.08,10.51,120.5,79.24,9.35%,14.69%,39.58%,28.52%,28.52%,3.9,-,8.53%,10.38%,2.5,109.48,101.43,64.79,50.00%,65.00%
Welspun Living,131.31,1.28%,129.25,"15,17,597","12,435.40",23.1,47.97,180.7,104.8,12.03%,3.61%,-15.29%,-17.39%,-17.39%,2.62,0.13%,4.83%,15.28%,7.25,120.8,129.98,61.64,50.00%,75.00%
Indian Energy Exchange,140.01,0.68%,140.09,"47,20,034","12,399.90",26.5,25.16,215.4,130.26,-2.49%,4.50%,-19.09%,-2.74%,125.90%,11.06,2.15%,36.08%,47.66%,4.17,142.2,168.39,45.92,75.00%,65.00%
Home First Finance Company,"1,254.70",4.99%,"1,214.00","3,41,063","12,376.50",29.96,19.62,"1,519.00",878.4,-0.18%,-0.17%,9.28%,71.36%,137.84%,3.28,0.27%,14.41%,10.08%,36.43,"1,245.67","1,179.04",55.25,66.23%,80.00%
Black Buck,684.25,-0.02%,684,"12,75,589","12,357.10","-3,422.50",25.16,748,248.35,9.85%,45.57%,163.12%,163.12%,163.12%,10.01,-,-,-21.99%,-,639.78,487.83,56.15,50.00%,70.00%
Jaiprakash Power Ventures,18,-0.11%,18.02,"2,45,70,197","12,349.90",16.69,7.39,27.7,12.36,-2.96%,-7.46%,0.67%,143.24%,665.96%,0.97,-,8.91%,10.06%,2.3,18.35,16.93,47.4,36.00%,75.00%
Gravita India,"1,806.60",8.37%,"1,677.00","24,39,106","12,304.60",34.01,19.8,"2,474.85","1,379.65",14.64%,0.10%,-14.99%,405.48%,4160.85%,5.95,0.38%,33.92%,17.82%,36.86,"1,641.53","1,787.23",69.66,50.00%,65.00%
Zen Technologies,"1,413.30",4.13%,"1,425.00","13,22,819","12,254.20",45.12,25.16,"2,627.00",945.35,-4.99%,-5.57%,-24.22%,601.56%,1910.38%,6.82,0.15%,15.13%,23.07%,18.54,"1,454.45","1,591.24",50.49,50.00%,70.00%
Anupam Rasayan,"1,081.90",0.72%,"1,069.90","1,01,441","12,229.60",54.83,25.14,"1,197.00",601,-0.60%,-4.16%,48.26%,44.80%,105.37%,3.82,0.07%,8.65%,8.96%,8.55,"1,098.62",954.32,46.4,70.84%,80.00%
Graphite,618.65,-0.72%,626.65,"9,31,434","12,174.80",34.3,34.41,651.8,365.75,11.44%,17.37%,20.40%,75.25%,248.83%,2.08,1.77%,14.33%,9.90%,15.55,554.36,513.7,67.23,64.94%,80.00%
TD Power Systems,816.35,5.35%,764.55,"1,07,78,867","12,103.30",58.11,34.77,787,293,26.99%,59.41%,97.02%,571.06%,688.36%,12.58,0.15%,16.78%,26.92%,8.13,589.78,473.85,86.52,63.06%,80.00%
Shipping Corporation of India,256.95,-1.05%,261,"33,50,363","12,095.90",13.34,27.34,280.5,138.26,12.40%,21.52%,20.48%,96.67%,401.37%,1.45,2.54%,12.61%,10.31%,17.15,227.17,199.93,61.18,61.32%,80.00%
Ingersoll Rand,"3,779.40",-1.10%,"3,821.00","9,840","12,063.70",45.61,42.69,"4,683.45","3,055.00",-8.97%,0.48%,-9.90%,78.59%,561.20%,19.81,2.09%,38.32%,57.88%,73.02,"3,901.14","3,758.42",39.56,50.00%,70.00%
Finolex Cables,796.75,1.38%,786.75,"3,74,196","12,019.50",19.4,25.97,"1,342.75",779.8,-3.76%,-8.85%,-33.63%,54.84%,192.44%,2.19,1.02%,11.54%,15.60%,48.07,819.96,895.7,46.58,65.84%,80.00%
Titagarh Rail Systems,906.95,2.53%,895.5,"17,04,851","11,912.60",49.86,-43.57,"1,370.00",654.55,2.19%,6.44%,-22.85%,117.94%,117.94%,4.8,0.11%,13.00%,17.07%,21.8,888.78,862.71,54.84,69.11%,70.00%
PVR Inox,"1,205.90",-0.06%,"1,207.70","2,54,232","11,848.80",-305.66,12.08,"1,620.00",830,6.97%,18.48%,-19.50%,-17.34%,-17.34%,1.68,-,-4.59%,3.16%,-,"1,129.03","1,029.43",65.13,69.66%,80.00%
JK Tyre & Industries,442.75,2.48%,431.8,"19,65,003","11,839.00",21.89,35.77,445,243,18.56%,33.96%,13.24%,160.90%,546.82%,2.44,0.69%,17.62%,13.64%,33.21,374.09,338.69,76.04,67.12%,80.00%
Railtel Corporation of India,369.75,0.45%,369.85,"5,79,034","11,813.70",81.09,31.45,478.95,265.5,-4.59%,0.35%,-9.31%,198.67%,204.70%,6.87,0.60%,11.47%,14.28%,5.84,370.47,361.46,47.05,60.66%,80.00%
Vikram Solar,327.2,0.29%,326.95,"6,14,211","11,801.00",31.79,34.77,407.95,312.5,-1.22%,-8.19%,-8.19%,-8.19%,-8.19%,4,-,-,25.93%,-,-,-,45.37,-,70.00%
RITES,247.88,0.98%,245.48,"3,31,024","11,797.90",27.83,25.16,316,192.4,-2.39%,-4.26%,-14.73%,21.01%,107.00%,4.47,3.08%,21.00%,19.48%,17.74,255.7,252.23,44.69,63.05%,80.00%
Jammu & Kashmir Bank,107.56,1.35%,106.57,"28,49,971","11,686.80",5.6,9.4,117.25,86.61,2.03%,4.70%,8.54%,164.28%,641.79%,0.9,2.02%,14.52%,5.71%,16.88,103.75,101.58,55.29,65.00%,80.00%
Finolex Industries,188.08,0.04%,188.1,"2,79,065","11,665.60",29.34,37.5,311.35,153.92,-8.65%,-5.01%,-37.78%,34.87%,70.33%,1.91,1.91%,5.11%,16.75%,8.64,203.69,198.12,32.18,67.22%,80.00%
Can Fin Homes,864.6,-0.38%,866.5,"1,38,110","11,556.40",12.54,19.62,891.9,558.5,9.49%,14.18%,0.96%,65.90%,86.76%,2.11,1.38%,17.28%,10.81%,57.59,786.08,732.76,68.54,70.49%,80.00%
Jyothy Laboratories,315.85,0.43%,315,"1,37,756","11,548.90",31.18,16.79,528.95,300.1,0.65%,-5.14%,-37.88%,60.74%,141.29%,5.64,1.11%,20.40%,22.69%,10.21,322.7,344.24,46.91,68.36%,80.00%
Shriram Pistons & Rings,"2,674.10",2.30%,"2,634.00","37,656","11,515.10",21.58,80.72,"2,785.00","1,662.55",-2.16%,11.06%,28.58%,525.33%,384.44%,4.83,0.38%,21.71%,25.50%,103.54,"2,648.51","2,276.37",50.54,50.00%,65.00%
CCL Products,877.15,2.02%,867.6,"1,62,009","11,480.10",36.9,69.45,962,525,2.25%,-5.44%,30.99%,75.47%,263.59%,5.84,0.58%,18.14%,17.86%,19.53,873.6,759.83,58.22,0.00%,80.00%
HEG,583.55,-1.26%,591,"12,01,834","11,405.00",57.91,34.41,619.5,331.25,12.89%,10.05%,35.79%,179.33%,324.55%,2.56,0.30%,7.04%,4.37%,50.68,513.92,474.49,71.79,50.00%,75.00%
Blue Jet Healthcare,674.05,2.69%,661,"5,20,676","11,386.30",31.75,54.8,"1,027.80",468.5,1.61%,-14.37%,42.63%,63.05%,63.05%,10.05,0.18%,39.96%,50.91%,9.47,679.84,769.64,53.15,50.00%,70.00%
Engineers India,201.21,-0.48%,201.91,"15,76,799","11,363.40",20.55,22.37,255.45,142.2,-0.02%,-4.72%,4.16%,177.53%,213.41%,4.26,1.98%,17.55%,23.44%,7.08,201.21,194.39,50.34,63.31%,80.00%
Privi Speciality Chemicals,"2,953.20",1.71%,"2,901.70","69,114","11,342.20",53.78,25.14,"2,954.70","1,368.15",22.10%,30.02%,63.63%,122.56%,443.32%,10.28,0.17%,10.14%,20.30%,31.14,"2,502.14","2,149.14",69.46,50.00%,70.00%
GR Infraprojects,"1,171.50",0.42%,"1,164.90","9,352","11,288.10",10.22,-6.34,"1,682.00",901,-5.45%,-4.84%,-25.80%,-4.16%,-32.95%,1.33,1.07%,23.21%,13.49%,98.89,"1,251.80","1,199.57",37.37,50.00%,100.00%
Jindal SAW,174.38,-0.50%,175.4,"21,61,601","11,207.40",10.01,25.76,342.8,175,-15.55%,-17.17%,-43.73%,337.81%,473.05%,0.98,1.14%,17.00%,21.55%,57.92,200.04,228.4,26.67,60.00%,80.00%
Sanofi Consumer Healthcare,"4,784.70",-1.20%,"4,900.00","2,482","11,152.80",55.46,52.29,"5,894.50","4,537.45",-0.27%,-0.19%,-1.82%,-2.42%,-2.42%,43.15,1.14%,-,83.37%,-,"4,938.21","4,947.69",50.6,50.00%,-
Alivus Life Sciences,918.05,1.50%,911.55,"77,191","11,095.90",22.42,54.8,"1,251.00",850,-1.50%,-4.93%,-14.47%,111.26%,22.65%,3.94,0.55%,21.84%,22.32%,36.48,939.23,"1,021.35",45.72,66.30%,70.00%
Canara HSBC Life Insurance Company,117.72,1.17%,116.36,"13,10,274","11,054.20",94.47,10.51,125.99,106,5.65%,5.65%,5.65%,5.65%,5.65%,7.28,0.34%,-,0.31%,-,-,-,-,-,-
Sanofi,"4,782.90",0.05%,"4,825.00","24,071","11,010.00",27.78,52.29,"6,822.65","4,623.50",1.56%,-11.58%,-28.18%,-14.49%,-41.95%,12.79,2.44%,59.39%,48.50%,213.31,"4,903.61","5,557.53",48.7,73.50%,80.00%
SKF India,"2,129.40",-0.53%,"2,136.90","15,248","10,990.40",20.18,28.62,"5,226.10","1,626.13",-56.37%,-55.49%,-10.12%,5.34%,41.71%,4.08,0.68%,-,28.79%,-,"2,180.73","2,018.20",39.69,-,80.00%
Jubilant Ingrevia,691.6,0.24%,691,"2,54,804","10,989.60",38.13,25.14,885,535.2,3.63%,-7.48%,-3.37%,29.68%,157.39%,3.75,0.73%,6.68%,11.00%,10.93,693.3,702.99,51.97,50.00%,75.00%
Relaxo Footwears,434.45,-0.39%,435,"65,730","10,857.50",62.1,30.61,785.5,390.35,-1.70%,-1.82%,-43.67%,-53.40%,-36.66%,5.17,0.69%,10.02%,10.84%,7.57,458.78,457.29,42.59,71.20%,70.00%
Eureka Forbes,545.75,-2.27%,559.2,"83,002","10,799.70",63.15,63.33,655.5,461.5,-2.19%,-4.56%,-1.65%,7.85%,7.85%,2.45,-,-,4.20%,-,565.29,554.19,40.35,60.00%,75.00%
JK Lakshmi Cement,872.75,0.33%,872,"85,803","10,799.30",29.43,36.01,"1,021.20",660.5,1.14%,-8.21%,8.58%,51.81%,210.04%,3.03,0.71%,14.53%,8.91%,38.89,881.55,844.53,55.53,69.98%,80.00%
INOX India,"1,196.00",0.76%,"1,185.00","41,257","10,773.60",45.86,13.58,"1,288.00",884.2,-1.58%,1.80%,7.21%,27.24%,27.24%,12.31,0.17%,30.20%,34.06%,21.11,"1,187.06","1,104.21",50.31,60.00%,70.00%
Edelweiss Financial Services,115.42,1.60%,114,"32,91,778","10,747.10",19.43,10.51,142.45,73.5,3.61%,16.00%,7.95%,288.88%,334.24%,2.43,1.29%,5.17%,13.99%,4.55,112.6,102.81,53.06,60.89%,79.45%
Clean Science & Technology,"1,014.90",0.60%,"1,012.70","9,05,489","10,720.90",39.93,25.14,"1,600.00","1,007.00",-6.48%,-15.64%,-32.46%,-36.32%,-35.98%,7.57,0.59%,20.28%,24.59%,23.62,"1,109.92","1,264.70",33.11,69.02%,80.00%
BlueStone Jewellery & Lifestyle,711.05,0.43%,707.95,"5,69,298","10,713.50",-48.27,39.24,793,508.1,16.21%,30.23%,30.23%,30.23%,30.23%,6.26,-,-,-0.78%,-,636.27,-,56.49,-,60.00%
Tata Teleservices Maharashtra,56.01,2.62%,54.59,"35,95,100","10,670.00",-8.43,31.45,88.9,50.1,-0.92%,-4.21%,-22.43%,-45.20%,587.24%,-0.54,-,-,-4.84%,-,56.65,62.38,50.08,-,-
HFCL,77.51,5.44%,73.8,"3,04,86,532","10,605.10",334.18,39.33,135.93,68.56,2.16%,3.33%,-35.06%,-4.37%,358.64%,2.57,0.14%,10.10%,8.62%,2.59,74.15,82.16,55.07,69.54%,65.00%
Star Cement,259.75,1.11%,257,"2,86,999","10,595.30",43.96,36.01,308.95,171.55,2.18%,-1.18%,27.14%,142.30%,213.90%,3.6,-,10.25%,8.01%,5.76,268.98,233.03,49.26,50.00%,70.00%
IIFL Capital Services,337.45,-1.16%,342.9,"5,47,715","10,592.30",15,10.51,386.9,180,14.53%,6.18%,1.72%,1.72%,1.72%,4.22,0.88%,28.71%,35.99%,20.11,311.9,281.34,53.36,50.00%,70.00%
Prudent Corporate Advisory Services,"2,587.90",1.27%,"2,581.10","21,384","10,581.50",52.03,10.51,"3,700.00","1,570.00",-2.17%,-0.52%,-12.44%,224.36%,360.69%,15.84,0.10%,33.34%,37.36%,37.41,"2,742.72","2,529.72",41.73,50.00%,65.00%
KPI Green Energy,538.8,0.65%,535,"8,12,974","10,563.70",28.51,7.39,588.8,313.4,19.05%,-0.13%,-2.81%,576.88%,3726.70%,4.36,0.15%,-,13.02%,-,481.48,457.04,76.13,50.00%,75.00%
Sandur Manganese & Iron Ores,225.58,4.01%,218.09,"52,44,205","10,542.60",21.36,19.8,237.88,112.4,15.96%,50.79%,52.90%,154.26%,154.26%,4.03,0.19%,14.02%,18.11%,21.24,179.62,158.26,64.29,50.00%,70.00%
Healthcare Global Enterprises,752.9,0.77%,747,"1,11,689","10,534.80",256.35,32.94,804.65,440.25,16.91%,23.17%,68.47%,151.68%,524.81%,11.42,-,2.03%,8.47%,3.57,688.04,583.79,60.86,50.00%,70.00%
Le Travenues Technology (IXIGO),257.5,-4.51%,269,"31,89,335","10,527.20",247.94,42.83,339.15,117,-10.09%,6.14%,77.52%,39.29%,39.29%,6.12,-,6.04%,12.97%,1.27,295.58,200.18,32.18,60.00%,70.00%
Safari Industries,"2,154.30",0.91%,"2,129.90","59,166","10,458.50",70.02,1.38,"2,744.70","1,670.15",-0.90%,2.68%,-2.77%,131.83%,900.00%,10.93,0.14%,21.35%,18.64%,34.92,"2,177.55","2,149.22",48.36,50.00%,80.00%
Shaily Engineering Plastics,"2,291.30",0.73%,"2,274.10","1,24,366","10,452.90",89.41,37.5,"2,670.00",969.95,5.08%,37.62%,134.04%,514.21%,467.57%,19.07,0.09%,-,22.13%,-,"2,297.52","1,818.36",45.75,50.00%,-
Jupiter Life Line Hospital,"1,569.30",-1.20%,"1,585.10","37,849","10,413.90",53.97,32.94,"1,770.00","1,266.00",5.76%,8.24%,13.87%,45.88%,45.88%,7.67,0.06%,15.11%,15.31%,25.35,"1,490.21","1,491.91",58.19,50.00%,-
Sonata Software,371.7,0.50%,370.25,"2,66,050","10,371.50",24.23,19.14,687.1,286.4,6.32%,3.51%,-39.06%,42.84%,209.26%,6.09,1.18%,21.94%,30.13%,14.74,368.4,400.63,52.29,63.79%,80.00%
Genus Power Infrastructures,351.5,3.11%,340,"14,59,250","10,367.20",25.92,44.1,486.05,236.85,12.16%,-8.13%,-13.63%,299.20%,1259.77%,5.55,0.72%,3.02%,19.95%,3.69,323.61,326.3,70.46,50.00%,70.00%
Birlasoft,372.7,0.30%,370.55,"4,95,999","10,350.70",21.89,19.14,624.35,331,6.49%,-7.74%,-32.21%,34.06%,106.31%,2.98,1.74%,20.49%,19.59%,23.05,367.32,414.03,54.95,75.80%,80.00%
MMTC,68.01,-1.05%,69,"41,87,572","10,309.50",105.66,42.65,88.19,44.5,-2.33%,3.67%,-11.87%,87.61%,315.96%,6.05,-,-,6.91%,-,66.62,63.71,50.6,0.00%,-
Procter & Gamble Health,"6,085.50",-1.31%,"6,174.00","8,088","10,236.00",34.1,52.29,"6,739.00","4,903.85",-2.97%,-3.17%,15.10%,44.26%,16.46%,19.09,2.02%,30.56%,53.90%,128.93,"6,275.22","5,706.89",41.72,73.29%,80.00%
Tilaknagar Industries,527.05,-0.20%,531,"11,05,591","10,235.30",39.57,55.81,549.7,199.53,12.32%,2.65%,80.93%,450.44%,2911.71%,7.68,0.18%,31.04%,25.53%,8.05,473.02,373.66,70.28,50.00%,70.00%
Metropolis Healthcare,"2,004.50",1.73%,"1,980.60","54,066","10,208.10",66.72,32.94,"2,263.00","1,315.00",0.41%,-1.77%,-4.73%,17.38%,3.56%,7.7,-,11.69%,13.32%,26.74,"2,054.82","1,831.52",53.21,60.00%,75.00%
Rubicon Research,653.6,5.73%,620,"12,54,314","10,184.00",75.78,25.16,639.7,570.75,4.04%,4.04%,4.04%,4.04%,4.04%,11.36,-,-,24.98%,-,-,-,-,-,-
Vijaya Diagnostic Centre,"1,019.70",3.14%,990.9,"1,73,957","10,155.90",67.14,32.94,"1,275.00",740,0.79%,-6.15%,5.56%,113.93%,64.44%,12.73,0.20%,15.59%,19.79%,12.23,"1,022.39","1,014.05",55.51,50.00%,75.00%
Banco Products,733.25,3.35%,711.75,"4,16,989","10,148.50",23.43,80.72,879.8,297.5,-13.53%,21.71%,101.50%,661.98%,1544.80%,7.79,1.55%,23.52%,32.39%,37.93,720.17,535.15,48.07,50.00%,-
Shakti Pumps,812,-0.91%,823.25,"2,61,992","10,111.80",24.52,56.72,"4,874.95",724.42,-1.30%,-1.64%,-81.75%,902.10%,2099.95%,6.96,0.12%,-,48.39%,-,826.14,900.11,45.77,50.00%,70.00%
Ujjivan Small Finance Bank,52.68,1.62%,52.05,"1,05,84,332","10,042.20",24.11,9.4,54.54,30.88,8.98%,19.86%,35.77%,99.17%,70.49%,1.61,-,22.83%,7.67%,6.51,47.16,42.5,62.65,50.00%,70.00%
Vesuvius,503.55,2.07%,493,"2,47,829","10,013.10",39.9,35.82,646,356.13,-0.20%,-4.78%,-3.22%,236.31%,470.98%,6.57,0.29%,17.84%,23.79%,124.87,508.59,490.39,53.18,50.00%,65.00%
Aether Industries,761.55,1.04%,753.7,"1,16,601","9,993.30",56.9,25.14,938.5,725,0.64%,-0.90%,-10.22%,-19.71%,-1.66%,4.49,-,10.48%,9.85%,6.95,747.45,788.71,56.71,50.00%,70.00%
Aditya Birla Fashion & Retail,85.38,4.58%,82.49,"78,18,538","9,962.30",-19.41,47.97,118.54,70.55,-2.97%,12.56%,-21.93%,-33.51%,53.64%,1.46,-,-1.78%,-1.19%,-,84.95,87.03,53.89,74.79%,80.00%
CE Info Systems,"1,809.10",-0.56%,"1,819.30","56,384","9,955.50",63.26,19.14,"2,166.70","1,513.00",8.39%,1.74%,-6.05%,41.92%,29.81%,12.6,0.19%,20.37%,25.90%,25.44,"1,710.82","1,752.72",55.54,60.00%,65.00%
Nazara Technologies,270.3,1.16%,267.8,"7,66,372","9,898.80",116,31.45,363.25,218.04,-3.65%,-20.62%,16.05%,73.93%,35.83%,2.94,-,4.82%,2.50%,11.95,274.28,281.73,48.85,50.00%,70.00%
Astra Microwave Products,"1,076.70",3.31%,"1,057.00","3,91,389","9,895.60",60.92,26.87,"1,195.90",584.2,-3.23%,12.44%,40.00%,243.28%,933.30%,9.01,0.21%,12.53%,21.62%,14.22,"1,064.55",916.39,51.11,50.00%,70.00%
RHI Magnesita,480.6,0.80%,480.1,"3,28,223","9,846.00",59.59,35.82,599.7,376.45,8.61%,-8.14%,-17.44%,-26.58%,154.96%,2.46,0.53%,-15.62%,6.99%,6.58,464.94,465.14,62.82,68.31%,80.00%
Ramkrishna Forgings,542.85,-0.03%,541,"4,58,682","9,830.00",23.25,21.69,"1,020.00",513.2,-1.60%,-6.34%,-40.66%,134.19%,623.32%,3.23,0.37%,12.72%,7.32%,19.02,558.17,650.43,45.88,60.00%,65.00%
Inox Green Energy Services,272.2,2.13%,267,"77,33,432","9,782.10",243.53,25.16,274.9,104,33.27%,65.70%,62.63%,360.58%,360.58%,5.37,-,-,2.44%,-,204.6,162.56,71.42,-,-
Transrail Lighting,721.55,-0.86%,728,"3,78,462","9,771.20",25.58,22.37,855.8,394.55,-1.20%,-0.96%,30.35%,30.35%,30.35%,5.19,0.11%,-,33.26%,-,756.36,633.72,40.09,65.00%,70.00%
Time Technoplast,212.53,-1.28%,215.29,"12,14,182","9,771.10",23.79,37.5,256.78,153.3,-3.67%,-7.49%,4.41%,314.85%,996.65%,3.38,0.58%,9.61%,18.71%,14.7,226.2,207.97,43.81,62.00%,80.00%
Zee Entertainment,100.59,0.01%,100.69,"53,63,997","9,660.90",16.89,12.08,151.7,89.32,-11.69%,-15.61%,-16.49%,-62.38%,-44.75%,0.83,2.42%,2.34%,8.03%,4.2,112.27,116.23,27.93,61.88%,80.00%
Nesco,"1,354.60",-1.05%,"1,376.50","30,453","9,646.00",24.06,-6.34,"1,638.90",842.6,3.75%,0.07%,36.65%,134.04%,176.11%,3.67,0.47%,14.79%,17.48%,48.61,"1,413.97","1,128.06",46.73,50.00%,70.00%
Happy Forgings,"1,014.90",-0.61%,"1,025.00","37,929","9,629.40",35.83,21.69,"1,191.05",724.1,9.51%,6.83%,-8.50%,-1.54%,-1.54%,5.22,0.29%,15.07%,19.43%,25.77,947.09,913.55,63.8,50.00%,-
South Indian Bank,37.58,2.62%,36.69,"2,70,61,734","9,582.40",7.06,9.4,40.3,22.27,26.19%,30.03%,55.29%,177.34%,539.12%,0.9,1.09%,12.13%,6.16%,4.44,31.6,28.16,64.26,50.00%,70.00%
India Shelter Finance,886.7,0.32%,883.85,"85,437","9,565.60",23.19,19.62,"1,011.75",607,0.94%,-3.01%,25.61%,62.79%,62.79%,3.54,0.56%,10.77%,11.06%,26.49,890.31,839.18,51.37,50.00%,70.00%
Alkyl Amines Chemicals,"1,890.50",1.64%,"1,860.00","27,296","9,512.10",51.01,25.14,"2,438.80","1,508.00",0.31%,-16.32%,-10.23%,-37.66%,64.14%,6.79,0.54%,37.52%,40.66%,28.94,"1,976.58","1,911.34",45.31,68.50%,80.00%
Avanti Feeds,705.45,1.15%,697.4,"1,63,147","9,501.80",15.7,20.33,964.2,562.8,8.54%,5.60%,22.84%,61.80%,52.69%,3.39,1.29%,14.64%,22.90%,27.81,679.24,744.62,55.58,50.00%,75.00%
Tejas Networks,535.2,0.32%,534,"5,68,845","9,434.60",-23.15,26.87,"1,459.90",532.25,-9.40%,-7.86%,-59.27%,-18.25%,501.35%,2.84,0.48%,2.00%,22.45%,9.75,584.8,709.03,32.52,50.00%,75.00%
Sansera Engineering,"1,558.10",2.93%,"1,509.00","3,10,909","9,399.40",40.84,80.72,"1,706.55",972.2,11.22%,19.31%,1.17%,118.07%,90.35%,3.41,0.21%,12.55%,11.42%,35.3,"1,416.16","1,290.42",68.38,69.72%,80.00%
Varroc Engineering,623.05,1.87%,613,"1,14,695","9,344.40",65.21,80.72,664.15,374.1,0.59%,20.75%,19.94%,109.46%,117.39%,5.96,0.16%,3.86%,16.09%,34.44,602.89,529.48,56.54,66.23%,80.00%
Balrampur Chini Mills,461.75,0.61%,460,"1,65,587","9,268.20",22.17,18.94,627.8,419.05,-0.68%,-19.06%,-24.22%,36.67%,205.79%,2.44,0.65%,15.72%,14.34%,26.33,499.63,531.43,39.59,60.00%,80.00%
Latent View Analytics,474.9,5.92%,450,"32,02,056","9,263.00",48.74,19.14,520.25,341.2,14.24%,16.23%,4.35%,21.66%,-2.83%,5.7,-,11.54%,14.21%,8.01,423.34,411.97,73.63,68.80%,80.00%
Mamaearth,279.15,-1.81%,285.5,"2,61,631","9,250.30",125.31,42.65,403,197.51,-4.42%,5.18%,-28.51%,-17.19%,-17.19%,7.84,-,10.09%,7.86%,3.89,291.22,266.84,46.04,50.00%,70.00%
Apollo Micro Systems,278.25,0.52%,278.5,"42,29,183","9,232.20",142.05,44.1,354.7,90.25,-18.82%,61.00%,178.67%,1130.65%,2693.67%,9.9,0.08%,4.88%,16.16%,1.24,301.53,187.16,39.19,51.00%,70.00%
Jeena Sikho Lifecare,772.45,4.10%,742,"1,87,015","9,223.10",273.46,42.65,"2,498.60",400.25,-1.49%,39.70%,-54.56%,447.45%,345.60%,73.49,0.15%,-,35.59%,-,764.03,521.55,56.06,-,60.00%
Transport Corporation of India,"1,200.80",0.01%,"1,200.00","12,850","9,209.10",21.42,25.16,"1,309.00",876,-1.29%,2.93%,2.02%,77.42%,431.33%,3.92,0.65%,17.40%,19.86%,46.44,"1,182.01","1,117.52",52.34,50.00%,-
Sapphire Foods,286.4,0.12%,283,"4,09,980","9,193.20","28,605.00",324.15,374.65,271.4,-2.49%,-9.67%,-8.47%,-1.57%,18.20%,6.6,-,3.88%,5.22%,5.71,305.53,313.92,44.88,60.00%,75.00%
TTK Prestige,678.7,1.33%,672.95,"86,758","9,172.90",89.4,63.33,922.5,582.45,5.40%,7.60%,-22.16%,-25.46%,19.06%,4.88,0.88%,10.79%,9.25%,16.03,657.89,652.64,57.35,71.62%,60.00%
Medplus Health Services,820.05,7.50%,787,"96,74,268","9,140.70",51.3,42.65,"1,045.30",642,9.83%,-10.81%,22.33%,38.83%,-26.86%,5.25,-,3.36%,10.27%,6.36,797.84,812.42,66.22,50.00%,60.00%
Birla Corporation,"1,185.50",0.57%,"1,177.10","62,181","9,077.40",23.71,36.01,"1,535.30",910.25,-1.79%,-8.72%,0.88%,22.61%,85.52%,1.51,0.85%,6.30%,6.05%,50.47,"1,237.41","1,218.20",43.48,67.88%,-
Sudarshan Chemical Industries,"1,148.60",-0.10%,"1,149.60","88,072","9,037.00",105.49,-63.79,"1,603.00",796.15,-14.09%,-20.68%,14.74%,181.45%,161.13%,2.65,0.39%,31.11%,2.16%,17.32,"1,351.85","1,176.89",19.78,50.00%,75.00%
Black Box,553.5,4.31%,532.95,"40,95,066","9,020.40",41.88,19.14,714.8,320.85,-0.96%,7.68%,10.11%,258.48%,356.53%,12.91,0.19%,-,20.85%,-,509.1,478.73,54.68,-,-
Sri Lotus Developers & Realty,177.17,-2.77%,182,"12,96,002","8,905.50",39.11,-6.34,218.49,173.5,-6.79%,-9.45%,-9.45%,-9.45%,-9.45%,5.16,-,-,31.18%,-,185.55,-,37.87,-,70.00%
Reliance Infrastructure,205.16,-5.00%,210,"11,06,455","8,824.80",0.92,22.37,423.4,198.13,-17.80%,-30.72%,-30.83%,46.39%,946.73%,0.63,-,-,28.82%,-,249.98,282.36,29.02,-,-
VA Tech Wabag,"1,409.50",-0.33%,"1,414.10","85,323","8,803.60",28.81,22.37,"1,944.00","1,114.00",0.21%,-9.55%,-18.44%,428.10%,676.16%,4.12,0.28%,13.73%,16.87%,40.28,"1,472.98","1,457.18",42.43,63.43%,80.00%
PN Gadgil Jewellers,659.9,1.88%,649,"1,97,392","8,789.80",34.89,39.24,830,473.8,4.96%,15.09%,-7.39%,-16.82%,-16.82%,5.66,-,-,20.25%,-,623.56,576.07,55.06,50.00%,70.00%
Saregama India,456.15,0.27%,457.1,"38,349","8,770.90",43.07,12.08,603.8,417.4,-3.54%,-3.18%,-14.94%,19.38%,617.10%,5.96,0.99%,13.42%,16.81%,9.9,474.39,503.36,43.23,65.34%,80.00%
Religare Enterprises,266.4,0.93%,264.95,"7,43,895","8,727.70",53.08,10.51,320,202.52,5.74%,2.23%,8.69%,51.97%,423.89%,3.48,-,118.34%,7.94%,0.35,254.35,242.41,59.02,50.00%,60.00%
Lloyds Enterprises,69.74,1.74%,68.98,"6,44,333","8,720.40",24.53,42.65,88.16,34.09,0.98%,-8.91%,62.45%,41.17%,41.17%,3.55,0.13%,-,5.32%,-,69.12,59.46,53.32,50.00%,60.00%
WeWork India Management,647.7,0.34%,648,"9,48,918","8,651.20",67.47,25.16,655,601.1,3.03%,3.03%,3.03%,3.03%,3.03%,43.29,-,-,11.08%,-,-,-,59.8,-,75.00%
Alok Industries,17.33,-0.52%,17.45,"25,32,787","8,649.40",-12.72,53.68,24.56,14.01,-2.75%,-8.65%,-21.58%,5.99%,-18.06%,-0.41,-,4.28%,-3.59%,-,17.85,18.15,44.3,50.00%,60.00%
Jai Balaji Industries,94.67,0.18%,94.02,"4,12,520","8,620.80",20.65,25.76,220,92.15,-5.66%,-14.88%,-54.92%,1039.23%,3034.77%,4.08,-,-,36.05%,-,98.74,118.82,43.47,50.00%,60.00%
Strides Pharma Science,984.8,5.36%,934.4,"52,10,098","8,615.40",20.89,54.8,"1,655.00",513.05,18.32%,17.48%,-36.90%,209.54%,50.49%,3.13,0.43%,-,21.28%,-,854.81,762.17,77.19,50.00%,75.00%
Borosil Renewables,665.2,3.36%,643,"5,73,588","8,571.80",-103.66,25.44,689.95,423.75,6.39%,8.44%,50.11%,15.60%,593.28%,6.85,-,-,-3.59%,-,602.45,554.1,58.66,50.00%,-
Campus Activewear,280.1,0.09%,278.25,"2,51,905","8,548.60",65.35,30.61,337.6,210,1.50%,5.78%,-3.48%,-49.74%,-26.08%,19.93,-,25.20%,32.89%,4.97,274.75,268.56,52.61,60.00%,75.00%
KRBL,379.9,1.78%,377,"3,64,917","8,543.30",15.82,20.33,495,241.25,9.01%,-,35.87%,-0.99%,54.49%,1.63,0.94%,14.94%,12.15%,21.31,398.52,346.06,50.64,68.19%,80.00%
V2 Retail,"2,495.60",2.19%,"2,519.80","3,67,123","8,446.70",105.45,47.97,"2,465.00","1,082.80",12.27%,48.62%,118.65%,2284.71%,5307.58%,24.47,-,-,15.86%,-,"2,004.99","1,841.43",71.01,0.00%,-
GMR Power & Urban Infra,118.13,0.76%,117.22,"7,29,297","8,380.70",45.82,22.37,141.01,89.36,1.86%,5.43%,5.11%,382.16%,159.06%,16.15,-,-41.56%,31.30%,-,116.45,113.59,52.36,50.00%,70.00%
Arvind,320.1,0.41%,317.25,"1,29,777","8,356.20",22.09,23.33,450,274.8,6.58%,1.33%,-11.67%,249.64%,861.26%,2.21,1.17%,9.74%,14.35%,11.81,305.72,336.47,57.35,65.44%,80.00%
Manorama Industries,"1,378.90",-0.88%,"1,386.10","51,094","8,306.10",48.68,20.33,"1,760.00",740.5,-8.10%,-5.27%,40.39%,483.07%,572.08%,18.08,0.04%,11.90%,36.35%,7.06,"1,414.51","1,286.50",40.92,50.00%,70.00%
Oswal Pumps,720.85,-0.70%,725.9,"1,43,325","8,273.60",27.17,56.72,888.4,614.25,-4.30%,-3.73%,15.27%,15.27%,15.27%,6.12,-,-,81.49%,-,776.06,-,40.79,-,70.00%
Marksans Pharma,190.38,4.56%,180.51,"36,37,112","8,253.50",23.45,26.33,358.7,162,14.32%,-15.88%,-33.64%,284.99%,265.06%,3.34,0.44%,15.03%,18.67%,7.37,174.42,218.82,66.51,62.14%,80.00%
Rashtriya Chemicals & Fertilizers,152.01,1.83%,149.19,"14,80,057","8,235.60",28.76,34.91,188.89,110.8,1.94%,1.24%,-3.83%,50.28%,246.26%,1.74,0.88%,21.05%,9.29%,2.85,151.06,146.82,56.15,63.97%,80.00%
Mahindra Lifespaces Developers -RE,405.3,5.05%,392.5,"11,85,984","8,228.30",82.41,-6.34,487.21,256.06,10.33%,11.90%,-8.94%,8.31%,393.25%,2.43,0.53%,5.25%,3.18%,7.43,369.28,342.86,69.44,50.00%,70.00%
Mrs. Bectors Food,"1,327.00",-0.93%,"1,339.90","31,816","8,224.30",59.29,20.33,"1,976.70","1,211.50",8.43%,-9.30%,-27.41%,247.11%,123.33%,7.05,0.45%,16.55%,15.79%,23.96,"1,339.91","1,430.59",49.19,50.00%,75.00%
Archean Chemical Industries,659.5,-0.31%,668,"1,63,471","8,165.40",52.19,25.14,730,408.35,-2.56%,3.47%,0.90%,43.95%,43.95%,4.41,0.45%,18.75%,10.56%,21.88,673.12,616.22,51.09,50.00%,75.00%
Tanla Platforms,623.9,2.19%,610.55,"3,61,341","8,097.00",16.9,19.14,803.95,409.35,-13.86%,3.61%,-16.75%,-18.49%,74.10%,3.58,1.99%,28.24%,27.29%,41.21,670.87,592,39.67,64.36%,80.00%
Gujarat Pipavav Port,165.28,-0.80%,168,"13,21,169","8,055.10",20.56,25.16,203,122.5,3.39%,4.17%,-15.52%,89.76%,88.03%,3.45,4.92%,14.78%,21.64%,8.51,158.2,150.97,57.7,68.08%,80.00%
Dilip Buildcon,499.1,0.80%,495,"2,24,913","8,043.50",8.28,-6.34,585,363.15,-1.01%,3.25%,2.11%,126.86%,51.38%,1.47,0.18%,-0.03%,17.06%,11.27,502.39,472.3,50.59,65.02%,80.00%
Diamond Power Infrastructure,153.93,0.89%,152.5,"9,50,142","8,040.00",211.94,25.97,183.5,81.5,1.34%,-6.90%,-2.24%,6506.44%,"1,92,312.50%",-9.15,-,-,3.49%,-,148.19,122.84,58.47,36.00%,-
Cera Sanitaryware,"6,283.00",0.91%,"6,230.00","18,095","8,030.70",32.57,20.68,"8,014.95","5,060.05",2.19%,-4.48%,-11.93%,15.38%,132.61%,5.97,1.04%,17.76%,21.33%,177.56,"6,208.81","6,238.74",60.27,68.67%,80.00%
Valor Estate,151.08,1.48%,149.47,"9,93,037","8,027.70",-88.14,-6.34,252.67,99.81,-6.69%,-16.29%,-6.43%,48.77%,2206.56%,1.64,-,-,-1.46%,-,164.12,159.75,40.11,-,-
Avalon Technologies,"1,189.70",-0.08%,"1,199.10","1,05,252","7,943.60",99.34,44.1,"1,318.00",575,12.75%,36.11%,100.76%,198.92%,198.92%,13.01,-,9.78%,15.41%,2.83,"1,035.55",857.18,60.26,50.00%,-
Kalpataru,384.45,-0.03%,384.5,"78,833","7,918.40",-298.14,-6.34,457.4,345.8,1.77%,2.32%,-11.20%,-11.20%,-11.20%,1.95,-,-,2.05%,-,386.59,-,49.95,-,75.00%
Galaxy Surfactants,"2,259.90",1.32%,"2,230.10","8,831","7,908.20",25.92,25.14,"3,114.95","2,020.55",0.56%,-11.79%,-25.96%,-20.37%,37.78%,3.34,0.18%,13.83%,16.09%,86.31,"2,276.74","2,323.40",50.91,70.41%,60.00%
Tamilnad Mercantile Bank,497.75,-0.31%,498.5,"2,29,723","7,906.50",6.51,9.4,513.55,401,17.13%,13.64%,12.41%,-0.95%,-2.33%,0.84,0.01%,14.86%,6.87%,69.35,436.59,437.11,75.24,50.00%,65.00%
Power Mech Projects,"2,496.30",0.00%,"2,506.00","53,891","7,892.10",21.53,22.37,"3,415.00","1,700.00",-9.99%,-20.59%,-15.03%,184.93%,1238.28%,3.65,0.05%,-,23.18%,-,"2,854.41","2,725.61",29.54,50.00%,70.00%
Quality Power Electrical Equipments,997.8,-2.04%,"1,023.50","2,46,467","7,888.50",78.29,34.77,"1,082.00",267.8,-3.96%,33.04%,157.23%,157.23%,157.23%,18.56,0.10%,-,18.31%,-,954.25,-,53,0.00%,65.00%
Happiest Minds Technologies,512.1,-0.67%,515.55,"1,68,247","7,850.50",40.21,19.14,795,486.6,-2.14%,-14.32%,-32.36%,-47.62%,50.93%,4.82,1.15%,16.78%,16.50%,15.18,541.07,610.84,43.8,70.37%,80.00%
MTAR Technologies,"2,464.10",-3.30%,"2,529.00","5,50,934","7,837.90",132.15,-43.57,"2,572.00","1,155.60",27.27%,70.23%,52.19%,53.22%,127.63%,10.75,-,16.68%,11.16%,13.07,"1,857.49","1,588.94",70.16,50.00%,75.00%
Triveni Engineering & Industries,358.2,0.32%,356.95,"1,46,954","7,815.80",37.33,18.94,536,313.1,2.43%,3.78%,-11.13%,35.76%,413.18%,2.51,0.70%,67.23%,10.84%,16.39,351.76,378.16,56.19,66.38%,80.00%
Sharda Cropchem,816.8,-5.54%,865,"7,66,583","7,801.40",17.25,-23.88,"1,181.00",452.25,-4.00%,-25.70%,7.13%,109.57%,207.53%,2.91,1.04%,1.43%,13.89%,16.38,880.75,741.63,41.15,50.00%,65.00%
Ethos,"2,936.00",1.16%,"2,929.00","40,938","7,766.20",83.87,42.65,"3,216.66","1,931.84",12.42%,6.29%,7.04%,210.21%,278.48%,5.57,-,9.55%,12.15%,34.02,"2,598.97","2,584.91",68.78,50.00%,70.00%
Welspun Enterprises,563.25,0.48%,560.55,"1,45,479","7,758.80",22.47,-6.34,655,400.05,5.93%,15.17%,16.69%,330.13%,646.52%,3.05,0.53%,28.98%,16.52%,24.3,517.77,509.46,59.86,50.00%,70.00%
Aarti Pharma Labs,858,0.71%,847.7,"91,822","7,722.20",28.95,54.8,971,557.05,3.76%,-3.43%,31.92%,197.66%,197.66%,3.88,0.59%,12.34%,17.23%,24.86,857.88,808.02,54.91,50.00%,75.00%
Lumax Auto Technologies,"1,156.30",2.54%,"1,138.00","1,17,816","7,686.10",31.94,80.72,"1,337.90",449,-11.23%,0.72%,125.09%,375.45%,1088.39%,8.25,0.49%,13.13%,21.29%,20.5,"1,166.59",857.83,47.57,0.00%,70.00%
Yatharth Hospital,814.1,2.24%,796.95,"3,79,792","7,672.20",53.98,32.94,843.7,345.6,9.28%,25.09%,18.68%,143.85%,143.85%,4.78,-,35.95%,10.89%,14.66,776.9,570.17,57.23,50.00%,75.00%
Prism Johnson,144.79,-4.69%,151.18,"4,76,942","7,647.00",132.22,36.01,209,105.3,-9.87%,-4.23%,-23.81%,13.29%,91.77%,5.18,-,9.85%,5.72%,-,153.86,143,38.71,65.48%,-
PC Jeweller,11.58,-0.34%,11.59,"2,54,10,988","7,640.60",13.06,39.24,19.65,10.28,-13.65%,-21.44%,-22.75%,17.68%,661.84%,1.32,-,-,8.05%,-,12.87,13.37,35.33,50.00%,70.00%
Fischer Medical Ventures,107.07,-9.04%,119.29,"23,91,334","7,633.70",379.52,42.65,124.7,77.01,-0.61%,10.00%,37.99%,37.99%,37.99%,24.55,-,-,0.76%,-,107.33,-,51.22,-,-
Thomas Cook,164.84,1.85%,160.61,"5,21,728","7,612.60",29.45,42.83,224.5,118.25,3.33%,2.50%,-13.84%,120.23%,527.96%,4.49,0.28%,13.34%,14.79%,5.56,167.53,155.24,51.99,61.26%,80.00%
Maharashtra Seamless,580.7,2.24%,570.25,"2,10,113","7,611.20",8.66,25.76,814.3,567,-3.47%,-13.87%,-6.33%,47.25%,439.68%,1.2,1.76%,16.61%,14.83%,65.23,610.49,658.67,45.75,66.60%,80.00%
Sheela Foam,725.95,3.80%,699.9,"2,88,119","7,602.70",133,25.16,"1,058.70",618.75,7.31%,2.68%,-14.42%,-48.95%,15.73%,2.51,-,6.53%,5.76%,12.09,692.81,715.19,69.12,71.53%,80.00%
Gujarat State Fertilizers & Chemicals,193.4,1.38%,190.89,"6,50,090","7,601.80",11.83,34.91,231.45,158.3,-3.02%,-4.49%,-4.09%,54.47%,196.63%,0.63,2.62%,10.51%,5.86%,13.52,200.28,196.99,46.56,67.10%,80.00%
Redtape,141.08,2.72%,137.72,"6,10,600","7,592.30",42.66,42.65,240.79,119.51,-2.36%,10.49%,-38.80%,-71.43%,-71.43%,9.63,1.64%,29.82%,25.07%,12.75,138.53,143.65,55.93,50.00%,-
IFB Industries,"1,846.00",-1.40%,"1,878.30","1,13,014","7,585.90",59.65,63.33,"2,019.80","1,060.00",6.85%,39.00%,15.68%,96.63%,164.15%,9,-,7.02%,17.13%,21.85,"1,673.09","1,455.83",56.07,50.00%,-
Atlanta Electricals,"1,020.85",3.59%,985.5,"2,51,677","7,578.20",60.68,34.77,"1,068.95",782.1,12.00%,23.99%,23.99%,23.99%,23.99%,10.1,-,-,43.12%,-,-,-,66.04,-,75.00%
ESAB India,"4,880.10",-0.62%,"4,910.60","1,697","7,558.90",43.99,16.28,"6,432.15","4,133.05",-1.82%,-7.59%,-23.03%,39.72%,270.80%,20.93,1.83%,53.25%,63.69%,107.25,"5,047.22","4,982.57",39.01,50.00%,-
Jayaswal Neco Industries,78.14,0.58%,77.86,"46,75,429","7,543.70",20.03,25.76,81.2,28,8.39%,50.38%,83.56%,222.23%,2380.63%,2.93,-,-4.41%,2.00%,2.3,68.93,46.6,62.42,11.00%,-
Max Estates,481.6,2.82%,463.7,"1,09,839","7,543.40",187.51,-6.34,630,341.1,-3.25%,4.16%,-16.82%,70.15%,70.15%,3.38,-,-3.80%,1.94%,-,462.67,465.06,56.48,50.00%,-
RateGain Travel,677.1,6.09%,640.85,"11,99,920","7,536.40",35.83,19.14,854,412.85,-4.22%,53.90%,-14.84%,131.96%,99.12%,4.47,-,9.64%,15.98%,14.07,630.03,533.16,59,50.00%,65.00%
Garware Technical Fibres,759.2,0.02%,760.3,"66,091","7,534.80",31.65,47.97,986.39,674.2,-0.01%,-14.40%,-8.68%,8.54%,96.99%,6.07,0.20%,16.94%,25.16%,106.83,773.65,829.67,43.71,50.00%,-
FDC,460.15,-0.11%,463.85,"4,11,425","7,499.80",27.87,54.8,551.5,366.25,-0.26%,-4.48%,-14.29%,48.48%,39.04%,3.29,1.09%,9.78%,15.38%,19.31,457.17,451.06,57.02,70.00%,80.00%
Voltamp Transformers,"7,465.00",0.83%,"7,429.00","34,381","7,490.20",22.99,34.77,"12,024.95","6,051.00",4.07%,-12.88%,-32.82%,164.97%,658.21%,4.71,1.35%,22.71%,27.10%,332.14,"7,409.32","7,851.75",58.53,50.00%,75.00%
Garware Hi-Tech Films,"3,458.80",1.38%,"3,408.60","23,425","7,451.80",24.36,13.58,"5,378.10","2,317.35",11.30%,3.32%,-13.35%,383.85%,307.52%,3.35,0.35%,8.95%,18.66%,106.73,"3,136.93","3,601.04",57.39,55.86%,-
MOIL,370.4,1.23%,366,"3,88,830","7,445.50",26.53,19.8,405.6,274.05,-5.44%,6.84%,14.78%,140.36%,201.02%,2.82,1.54%,8.98%,12.24%,17.65,360.94,346.8,50.39,64.67%,80.00%
Thyrocare Technologies,"1,381.30",-1.15%,"1,405.00","1,83,386","7,404.90",58.51,32.94,"1,474.00",658,17.21%,2.10%,42.32%,112.67%,21.05%,13.87,1.50%,13.17%,26.01%,14.66,"1,256.08","1,010.20",67.84,11.00%,75.00%
Gujarat Narmada Valley Fert & Chem,506.35,0.68%,500.15,"1,21,242","7,390.40",13.15,25.14,663.65,449,0.81%,-6.19%,-16.67%,-28.08%,148.82%,0.86,3.58%,16.08%,8.25%,35.86,506.74,520.64,53.6,69.14%,80.00%
Aditya Vision,595.7,3.77%,574,"4,79,546","7,385.90",68.6,42.65,587,327.6,6.39%,41.33%,34.39%,34.39%,34.39%,12.64,0.19%,-,22.86%,-,537.94,450.33,66.98,50.00%,70.00%
Network 18 Media,47.95,0.13%,47.65,"18,41,634","7,384.60",-5.97,12.08,87.23,39.66,-8.33%,-19.18%,-43.41%,-23.59%,42.71%,1.5,-,-0.34%,-25.64%,-,52.43,51.17,31.98,60.00%,70.00%
Balu Forge Industries,638.2,-1.26%,645,"7,23,501","7,367.90",32.44,21.69,867.7,428.4,-0.17%,3.36%,-12.92%,131.65%,131.65%,6.81,0.02%,-,24.75%,-,644.34,620.46,51.04,-,-
Epigral,"1,697.60",0.47%,"1,690.00","10,684","7,289.60",16.87,25.14,"2,242.55","1,502.35",-3.20%,-7.20%,-19.22%,63.49%,63.49%,3.83,0.35%,15.62%,22.35%,60.22,"1,743.98","1,797.00",45.21,63.22%,80.00%
Kirloskar Pneumatic Company,"1,119.00",0.04%,"1,128.00","36,086","7,261.20",39.03,42.69,"1,817.00",953,-8.26%,-17.50%,-30.44%,82.49%,82.49%,6.38,0.89%,10.47%,24.71%,22.88,"1,216.83","1,224.06",27.23,50.00%,70.00%
Akums Drugs & Pharma,467.65,1.50%,463.95,"70,138","7,251.90",20.91,54.8,855.65,405,4.81%,-7.43%,-44.67%,-41.27%,-41.27%,2.38,-,0.11%,11.80%,-,462.7,514.9,54.02,60.00%,80.00%
Mishra Dhatu Nigam,392.15,1.82%,387,"3,76,375","7,215.40",60.83,22.42,469,226.93,-2.18%,-1.16%,18.31%,55.89%,117.26%,5.1,0.39%,12.16%,8.36%,4.18,386.8,357.71,55.21,62.42%,80.00%
Rattan India Enterprises,51.35,-1.59%,52.3,"13,64,392","7,212.70",-26.94,10.51,74.49,37.42,-2.60%,-6.38%,-28.65%,8.22%,690.00%,7.84,-,-68.60%,13.68%,8.31,54.73,51.59,42.51,50.00%,60.00%
Raymond Lifestyle,"1,198.60",1.38%,"1,184.60","1,88,814","7,203.00",96.59,47.97,"2,304.75",911.35,2.98%,0.24%,-46.52%,-58.22%,-58.22%,0.75,-,-,2.46%,-,"1,213.23","1,188.11",49.8,60.00%,70.00%
PNC Infratech,284.95,1.60%,280.45,"1,11,320","7,194.60",10.72,-6.34,357.45,240,-3.49%,-10.01%,-8.01%,8.49%,68.16%,1.2,0.21%,15.37%,13.02%,50.83,296.49,290.31,44.15,60.00%,70.00%
CSB Bank,408.75,-1.11%,416.9,"2,76,440","7,171.00",11.94,9.4,445.6,272.75,5.96%,-3.70%,32.32%,77.99%,73.94%,1.65,-,14.90%,6.11%,31.58,381.79,358.2,56.73,70.55%,80.00%
Keystone Realtors,565.45,0.16%,561.55,"2,19,635","7,118.60",39.9,-6.34,801.05,480.05,-5.93%,-9.48%,-21.98%,1.54%,1.54%,2.61,0.26%,4.71%,9.32%,7.23,604.46,574.86,38.53,50.00%,-
Subros,"1,066.30",-1.89%,"1,082.80","97,960","7,089.80",45.32,80.72,"1,213.70",518,-0.04%,23.19%,65.94%,224.40%,280.55%,6.48,0.24%,5.53%,18.52%,18.25,"1,022.67",790.14,49.46,0.00%,60.00%
Ajax Engineering,614.6,0.18%,608,"59,742","7,018.90",28.36,-43.57,756.2,549.1,-5.77%,-3.39%,3.22%,3.22%,3.22%,6.03,-,-,29.95%,-,652.51,-,40.37,65.00%,70.00%
Ganesh Housing,838.55,0.76%,831.1,"19,409","6,939.50",12.06,-6.34,"1,485.00",806.2,-2.36%,-8.03%,-19.37%,144.40%,3329.65%,3.79,0.60%,29.72%,38.68%,49.55,854.8,"1,018.57",47.83,50.00%,70.00%
Shilpa Medicare,367.2,4.07%,357.3,"2,36,631","6,901.10",62.37,26.33,"1,000.00",277.5,-4.61%,-13.64%,-10.35%,135.99%,74.58%,2.92,0.14%,-,7.50%,-,391.8,386.9,46.75,-,-
Lloyds Engineering Works,60.46,2.68%,59.8,"49,00,823","6,860.70",65.41,-43.57,84.27,44.51,-2.25%,-14.72%,-4.80%,372.71%,10892.73%,10.79,0.36%,19.42%,21.13%,0.77,62.13,61.81,49.72,36.00%,65.00%
Axiscades Engineering Technologies,"1,573.20",-1.74%,"1,616.00","54,049","6,804.30",85.89,19.14,"1,779.20",420.9,-7.80%,22.58%,215.68%,442.76%,3584.31%,10.51,-,-,14.32%,-,"1,531.76","1,131.45",52.35,-,-
Tips Music,525.95,-0.55%,508.05,"1,99,420","6,791.80",39.01,12.08,950,500,-9.07%,-8.57%,-42.15%,181.27%,2446.97%,26.36,1.32%,70.85%,97.14%,11.24,566.33,626.26,41.81,50.00%,65.00%
Greenlam Industries,265.2,-0.03%,268,"52,018","6,768.60",207.23,25.16,312,197.42,5.04%,14.62%,-1.74%,59.57%,253.22%,6.01,0.15%,12.82%,8.69%,9.84,248.56,246.69,59.11,50.00%,-
Karnataka Bank,178.2,-0.03%,179,"2,14,23,504","6,738.80",5.79,9.4,231,162.2,2.40%,-1.19%,-17.34%,47.95%,321.28%,0.58,2.80%,14.37%,6.07%,35.39,175.39,184.52,51.52,69.88%,80.00%
Saatvik Green Energy,535.2,2.05%,525,"6,53,653","6,666.00",31.14,34.77,567,420.1,19.20%,21.44%,21.44%,21.44%,21.44%,6.42,-,-,60.45%,-,-,-,64.4,-,75.00%
Aurionpro Solutions,"1,217.40",0.84%,"1,214.90","1,85,117","6,665.40",34.3,19.14,"1,923.75","1,083.00",7.13%,-14.21%,-26.67%,543.68%,3217.17%,4.43,0.28%,19.78%,14.73%,27.64,"1,213.54","1,386.43",55.91,50.00%,70.00%
Mahindra Holidays,331.05,0.73%,342.7,"4,32,410","6,639.30",52.27,324.15,394.5,259,-6.11%,-7.00%,-11.29%,19.45%,195.50%,-24.06,-,21.76%,3.91%,6,347.59,336.71,38.95,50.00%,-
Mastek,"2,173.00",1.56%,"2,146.50","51,001","6,627.40",18.15,19.14,"3,375.00","1,887.00",-1.33%,-13.81%,-24.72%,30.81%,149.93%,2.48,1.07%,17.48%,17.14%,98.56,"2,302.95","2,378.40",47.92,66.08%,80.00%
Smartworks Coworking Spaces,594.25,2.52%,575.65,"1,97,272","6,615.60",-104.91,25.16,617.9,392.7,4.99%,40.30%,33.52%,33.52%,33.52%,11.98,-,-,7.48%,-,542.78,-,64.35,-,70.00%
Just Dial,765.3,-1.19%,772,"1,44,632","6,587.10",18.17,25.16,"1,182.80",751.8,-8.03%,-7.93%,-31.93%,20.88%,27.59%,1.64,-,9.02%,11.19%,16.4,820.16,864.4,32.97,65.51%,80.00%
V Mart Retail,833.05,0.43%,826,"35,197","6,584.80",97.88,42.65,"1,118.99",676.04,-1.15%,6.43%,-20.55%,11.67%,72.70%,8.12,-,-12.95%,14.23%,-,784.62,798.27,53.14,50.00%,70.00%
Ellenbarrie Industrial Gases,464.65,0.36%,463,"67,490","6,525.30",78.39,25.14,637.7,430.35,-0.97%,-16.47%,-13.08%,-13.08%,-13.08%,7.5,-,-,17.90%,-,492.99,-,48.62,-,70.00%
Equitas Small Finance Bank,60.76,6.62%,57.49,"93,14,360","6,499.70",-71.21,9.4,75.5,50,5.96%,6.06%,-12.08%,24.00%,84.40%,1.07,1.75%,13.39%,6.17%,5.57,55.85,61.2,62.29,68.51%,80.00%
Indian Metals & Ferro Alloys,"1,210.10",0.62%,"1,208.90","1,46,812","6,488.50",18.05,19.8,"1,265.00",549.8,3.40%,67.78%,79.89%,404.21%,852.23%,2.76,1.67%,17.50%,22.06%,73.62,"1,069.51",788.44,62.24,50.00%,70.00%
Sunteck Realty,462.95,4.63%,444.75,"11,42,208","6,481.40",36.95,-6.34,568.8,347,5.04%,20.36%,-16.06%,18.72%,69.58%,1.94,0.34%,0.05%,6.51%,4.84,428.71,421.11,62.15,50.00%,65.00%
Isgec Heavy Engineering,892,1.42%,883.05,"31,545","6,467.30",23.01,22.37,"1,675.55",842.4,-1.47%,-18.69%,-31.73%,81.89%,55.69%,2.36,0.57%,9.73%,13.99%,35.15,939.29,"1,071.88",46.45,63.61%,-
Piccadily Agro Industries,707.25,4.00%,699,"3,18,631","6,461.20",62.24,55.81,805.5,569.1,2.57%,5.20%,17.19%,17.19%,17.19%,13.49,-,-,20.09%,-,658.98,-,62.61,-,70.00%
Pricol,537.4,1.53%,529.25,"1,49,689","6,451.20",37.67,80.72,598.8,367.85,1.72%,20.87%,15.67%,189.55%,908.44%,6.35,-,16.64%,20.11%,12.65,515.46,466.93,56.3,50.00%,70.00%
EPL,204.37,1.42%,201.51,"6,05,487","6,450.50",16.15,13.58,289.9,175.28,-6.03%,-8.66%,-23.84%,33.40%,-20.04%,2.74,2.48%,10.05%,18.76%,8.17,216.94,220.96,40.72,66.98%,80.00%
Symphony,946.5,1.25%,940,"46,988","6,419.40",38.61,63.33,"1,644.25",865.6,2.76%,-10.21%,-38.70%,14.99%,12.66%,8.48,1.38%,19.78%,36.63%,30.74,924.26,"1,102.40",62.25,68.06%,80.00%
Surya Roshni,305.45,3.75%,296.8,"8,49,489","6,407.20",22.25,25.76,359.93,212.55,3.89%,-6.36%,-9.72%,199.90%,451.95%,2.6,1.87%,15.19%,18.98%,33.31,288.44,286.64,63.47,50.00%,70.00%
Ahluwalia Contracts,938.1,-1.31%,941.9,"14,029","6,367.50",28.64,-6.34,"1,174.80",620,-6.41%,-6.09%,-11.86%,118.42%,339.29%,3.54,0.06%,15.79%,14.48%,32,954.85,893.71,46.67,50.00%,100.00%
Puravankara,268.7,0.13%,266.5,"1,18,004","6,363.90",-23.93,-6.34,463.7,208.7,0.56%,-8.31%,-37.84%,177.15%,523.43%,3.68,-,-,17.95%,-,273.01,269.22,49.55,50.00%,-
Ashapura Minechem,675.15,1.60%,668.45,"2,71,891","6,347.70",18.53,19.8,711.8,226.41,-2.26%,30.82%,172.38%,675.59%,771.16%,5.11,0.15%,16.70%,17.70%,17.6,618.01,472.98,56.98,50.00%,-
Canara Robeco Asset Management Company,310,-2.16%,317,"12,77,758","6,318.50",31.7,10.51,353.4,280.25,3.18%,3.18%,3.18%,3.18%,3.18%,9.3,0.79%,-,43.86%,-,-,-,-,-,-
Chemplast Sanmar,408.15,2.33%,398,"50,368","6,306.20",-31.79,25.14,530,362.75,5.44%,-0.74%,-14.11%,8.97%,-23.80%,56.96,-,-9.32%,1.76%,-,407.86,427.38,57.86,50.00%,-
Kingfa Science & Technology,"4,598.80",-1.04%,"4,639.90","1,403","6,297.30",40.87,37.5,"4,880.00","2,550.00",0.94%,37.32%,48.27%,275.84%,670.25%,5.11,-,-,29.00%,-,"4,487.26","3,503.53",52.72,-,-
Shree Renuka Sugars,29.73,0.68%,29.53,"17,23,252","6,285.40",-15.79,18.94,44.4,24.71,-2.62%,-1.00%,-29.48%,-49.61%,192.91%,-2.42,-,22.33%,25.50%,-,30.43,31.19,46.29,60.00%,65.00%
Cupid,244.56,4.70%,231,"33,60,461","6,271.10",131.92,16.79,255.04,55.75,13.89%,46.14%,194.01%,2017.40%,2226.93%,25.49,-,-,16.23%,-,214.22,124.16,60.34,60.00%,70.00%
Hindustan Foods,534.2,1.92%,524.2,"50,812","6,262.60",54.71,30.52,610.95,421.5,0.01%,-3.63%,-10.11%,14.22%,195.74%,6.49,-,18.97%,14.09%,8.46,531.6,536.38,55.23,50.00%,-
Supriya Lifescience,785,1.04%,778,"2,28,717","6,252.70",35.05,54.8,842,556.15,7.37%,16.57%,24.33%,175.29%,100.84%,6.26,0.13%,12.85%,24.28%,16.8,705.62,692.02,69.67,50.00%,65.00%
E2E Networks,"3,048.30",-1.43%,"3,100.00","39,410","6,216.40",180.33,19.14,"5,487.65","1,710.05",-13.71%,40.56%,-35.70%,1545.06%,7746.33%,3.91,-,-,4.56%,-,"3,064.93","2,593.33",43.43,-,-
Praj Industries,340.35,0.81%,337.6,"2,49,486","6,205.50",44.37,-43.57,875,328.55,-4.80%,-26.47%,-52.10%,-19.88%,355.93%,4.5,1.77%,22.23%,20.40%,15.6,368.82,486.85,40.91,66.27%,80.00%
ICRA,"6,519.00",1.47%,"6,590.00","9,398","6,200.40",32.78,25.16,"7,245.00","5,015.10",4.22%,4.16%,-7.19%,58.51%,136.28%,5.88,0.93%,15.52%,21.38%,151.59,"6,369.79","6,191.38",60.65,71.44%,-
Dhanuka Agritech,"1,303.00",-5.18%,"1,350.00","1,53,503","6,194.70",21.09,-23.88,"1,975.00","1,092.05",-14.65%,-20.45%,-17.21%,79.35%,78.31%,4.47,0.14%,19.04%,27.37%,55.96,"1,513.07","1,491.82",26.92,50.00%,60.00%
GHCL,620.35,-3.10%,629.9,"4,14,330","6,150.50",9.97,25.14,779,511.05,2.52%,6.58%,5.87%,4.76%,337.48%,1.76,1.87%,26.65%,22.32%,54.12,597.72,616.03,48.07,68.01%,80.00%
Gokaldas Exports,878.75,4.82%,840,"4,35,149","6,139.10",35.53,47.97,"1,262.15",668.1,17.92%,7.07%,-0.66%,135.53%,1161.67%,2.95,0.12%,19.52%,11.54%,17.59,774.34,866.11,62.56,50.00%,65.00%
Suprajit Engineering,456.5,2.23%,446.65,"1,21,830","6,124.90",56.64,80.72,535.5,350,-3.78%,1.03%,-13.49%,36.17%,157.55%,4.83,0.67%,12.42%,15.97%,12.08,455.49,430.77,54.97,50.00%,-
Juniper Hotels,276.1,0.45%,274.75,"32,343","6,115.50",89.03,324.15,398,224.3,-3.56%,-3.24%,-16.16%,-31.23%,-31.23%,2.24,-,-0.42%,6.22%,2.08,284.37,287.21,49.45,50.00%,-
CMS Info Systems,373.3,0.54%,371.1,"3,51,795","6,106.90",16.28,25.16,556.9,353.3,-1.96%,-16.70%,-30.86%,9.73%,56.72%,2.7,2.56%,17.83%,21.24%,21.73,395.37,448.28,45.18,69.74%,80.00%
Gulf Oil Lubricants,"1,255.40",1.50%,"1,236.90","46,787","6,099.90",16.57,25.14,"1,331.90",911,2.40%,5.73%,6.62%,202.80%,89.00%,4.18,3.88%,19.71%,32.30%,66.26,"1,245.06","1,189.01",59.85,50.00%,70.00%
Oriana Power,"2,963.15",-1.26%,"3,001.00","33,900","6,098.00",38.47,22.37,"3,054.20","1,000.00",6.96%,37.09%,30.38%,834.45%,834.45%,11.97,-,-,32.07%,-,"2,642.42","1,981.38",61.61,-,-
Pearl Global Industries,"1,318.40",0.17%,"1,301.20","38,690","6,050.70",25.78,47.97,"1,717.00",875,5.62%,-5.65%,32.36%,544.38%,1500.97%,5.23,0.87%,20.69%,24.81%,41.17,"1,309.32","1,335.56",49.24,58.02%,-
Seshaasai Technologies,375.55,0.48%,375,"84,686","6,047.50",27.22,19.14,437.45,362.55,-11.86%,-8.73%,-8.73%,-8.73%,-8.73%,4.89,0.28%,-,40.99%,-,-,-,38.45,-,75.00%
Man Infraconstruction,145.68,-2.20%,148.5,"2,33,778","6,012.60",20.97,-6.34,262.8,135.1,-2.89%,-15.18%,-24.27%,76.69%,768.69%,2.89,0.56%,20.00%,22.33%,7.96,152.35,165.98,44.22,50.00%,55.00%
HG Infra Engineering,909.65,-1.37%,922.25,"74,781","6,010.70",13.6,-6.34,"1,559.00",908.35,-4.77%,-11.86%,-31.62%,60.56%,412.33%,2.04,0.22%,21.94%,14.91%,82.75,960.76,"1,069.89",39.92,50.00%,65.00%
India Glycols,"1,014.25",4.64%,975,"7,22,582","6,001.90",24.62,55.81,"1,069.00",503.53,9.57%,16.11%,67.27%,148.77%,645.22%,2.66,0.52%,8.43%,11.85%,58.86,891.12,798.34,67.2,63.71%,80.00%
Sharda Motor,"1,046.50",1.21%,"1,032.00","22,435","5,936.00",17.57,80.72,"1,248.00",625,-3.68%,-0.02%,-4.06%,173.54%,1085.03%,5.59,1.57%,27.49%,37.78%,108.03,"1,058.80",941.85,47.83,50.00%,-
Bajaj Electricals,503.8,-1.94%,513.8,"2,16,756","5,927.10",57.41,63.33,927,490,-7.39%,-18.17%,-42.43%,-51.01%,17.17%,3.46,0.58%,9.43%,12.14%,10.97,559.04,614.7,24.69,69.37%,-
Skipper,520.05,-0.84%,524,"1,22,574","5,920.20",36.51,-43.57,665,342.5,-0.80%,-0.83%,-2.81%,666.47%,1040.96%,4.96,0.02%,4.63%,26.00%,9.53,528.31,480.55,50,50.00%,65.00%
Ion Exchange,402.1,0.46%,400,"1,10,481","5,870.30",27.69,22.37,744.2,384.5,-2.11%,-13.54%,-41.44%,94.56%,115.07%,4.86,0.37%,23.33%,19.68%,14.16,412.28,494.59,47.63,50.00%,70.00%
RattanIndia Power,10.86,-0.55%,10.95,"1,72,47,522","5,864.20",68.31,7.39,16.92,8.44,-6.86%,-14.49%,-22.81%,164.88%,456.92%,1.28,-,-,8.06%,-,11.73,11.67,37.01,50.00%,70.00%
Pilani Investment & Industries,"5,232.50",-0.99%,"5,260.00","2,324","5,851.70",93.91,10.51,"6,844.00","3,279.55",-6.68%,3.52%,-15.21%,173.82%,272.18%,0.36,0.29%,-,1.62%,-,"5,318.41","4,802.26",40.81,-,-
Electronics Mart,149.18,-1.24%,151.06,"4,30,092","5,812.00",55.7,42.65,210.5,111.11,4.11%,19.98%,-26.83%,57.78%,76.54%,3.79,-,13.43%,12.47%,5.1,144.86,136.5,53.36,50.00%,65.00%
GMM Pfaudler,"1,297.70",0.64%,"1,284.90","2,69,796","5,796.80",154.41,-43.57,"1,418.00",991.1,24.22%,-2.48%,-6.42%,-30.29%,11.16%,5.66,0.16%,17.87%,10.11%,34.78,"1,140.50","1,154.29",77.43,50.00%,70.00%
Ashoka Buildcon,211.59,2.88%,207.5,"31,04,791","5,773.40",3.2,22.37,319,159.34,12.08%,6.18%,-11.70%,186.13%,245.17%,1.47,-,18.88%,17.78%,19.35,189.36,202.7,73.89,50.00%,65.00%
VIP Industries,407.8,0.43%,406,"3,07,394","5,767.70",-67.26,1.38,524,248.35,-3.05%,-12.11%,-14.25%,-44.08%,50.06%,9.38,-,8.01%,-1.98%,0.04,428.41,382.47,37.22,65.79%,80.00%
Sterlite Technologies,121.41,3.35%,118.24,"24,29,542","5,732.00",-84.5,39.33,140.4,50.66,-1.47%,2.27%,46.31%,-25.45%,19.45%,2.88,-,-,4.51%,-,118.94,91.16,53.38,36.00%,-
Paras Defence Space Tech,699.9,-1.28%,709.65,"3,03,324","5,713.20",92.63,-43.57,972.5,404.7,-3.57%,9.04%,36.59%,114.44%,184.25%,9.55,0.07%,-,13.65%,-,696.84,651.44,46.36,0.00%,75.00%
TVS Supply Chain Solutions,129.75,0.54%,129.05,"5,65,717","5,693.40",105,25.16,196.9,107.4,1.88%,3.61%,-30.10%,-35.45%,-35.45%,3.16,-,-3.13%,6.56%,-,128.47,131.64,56.27,50.00%,70.00%
Shoppers Stop,504.25,-1.98%,510,"2,23,139","5,664.70",307.72,47.97,739.4,467.15,-3.52%,-4.55%,-23.42%,-35.35%,200.31%,19.68,-,25.63%,8.69%,4.13,533.14,531.04,38.33,50.00%,-
Electrosteel Castings,90.89,-0.39%,91.06,"8,26,225","5,640.90",9.85,21.69,171.94,86.25,-6.24%,-17.70%,-44.68%,118.49%,345.54%,0.98,1.53%,14.47%,14.70%,14.98,96.53,106.44,38.62,50.00%,65.00%
Prime Focus,186.15,2.34%,182.65,"34,47,093","5,637.80",-74.22,25.16,203.7,85,5.52%,20.80%,40.37%,144.61%,379.77%,2.23,-,-,3.62%,-,173.03,131.7,61.24,36.00%,-
Indo Count Industries,288.8,1.89%,285.45,"2,27,902","5,613.90",27.33,23.33,423.95,213.55,6.61%,8.39%,-23.13%,118.29%,83.02%,2.47,0.70%,16.18%,15.51%,17.27,267.9,284.48,59.85,50.00%,100.00%
Indraprastha Medical Corporation,575.15,-5.16%,603,"17,44,952","5,559.50",33.02,32.94,624.7,307.25,24.38%,26.49%,37.15%,698.27%,1081.01%,9.28,0.75%,22.70%,33.08%,15.08,504.82,445.89,59.77,50.00%,70.00%
MAS Financial Services,320.2,4.83%,307.1,"3,21,872","5,542.50",16.89,10.51,350.45,220.06,5.40%,5.36%,10.59%,6.24%,15.74%,2.12,0.56%,13.32%,10.22%,14.65,308.99,284.08,62.98,50.00%,-
Datamatics Global Services,921.1,-1.41%,929.15,"3,03,150","5,522.00",23.7,19.14,"1,120.00",515.05,3.77%,-9.53%,56.24%,188.75%,1160.92%,4.05,0.53%,16.15%,14.67%,32.04,914.4,729.78,53.57,50.00%,75.00%
Technocraft Industries,"2,449.80",0.74%,"2,411.00","3,926","5,513.30",21.37,22.42,"3,383.00","2,050.00",8.41%,-21.96%,-18.19%,221.10%,618.73%,3.15,0.81%,19.03%,19.55%,115.99,"2,429.13","2,693.24",52.66,50.00%,-
Sky Gold And Diamonds,357.7,0.52%,355.85,"7,63,924","5,510.80",35.66,39.24,488.55,246.05,25.75%,31.31%,3.45%,59.05%,1490.48%,5.97,-,-,30.25%,-,308.01,326.72,64.91,50.00%,-
Fiem Industries,"2,115.20",1.29%,"2,088.90","46,136","5,496.10",25.67,80.72,"2,275.00","1,255.10",9.21%,9.43%,34.45%,175.49%,753.76%,5.28,1.44%,18.70%,25.50%,68.05,"2,042.59","1,722.60",62.63,50.00%,65.00%
Infibeam Avenues,19.44,-0.31%,19.52,"59,41,906","5,453.00",24.38,19.14,26.42,13.63,16.27%,25.50%,-22.36%,26.40%,-1.47%,1.44,-,-,7.55%,-,17.23,17.25,68.68,50.00%,65.00%
Texmaco Rail & Engineering,135.62,-0.62%,136,"6,25,064","5,451.10",25.38,-43.57,239.74,119.06,-3.54%,-6.50%,-38.02%,170.43%,542.44%,2.04,0.54%,0.83%,14.75%,3.42,139.97,150.61,42.06,50.00%,55.00%
Laxmi Organic Industries,196.9,0.51%,195.9,"2,85,461","5,429.30",65.13,25.14,284,160.2,-8.35%,2.74%,-26.71%,-37.63%,19.73%,2.85,0.25%,6.70%,9.08%,4.21,210.23,198.26,40.99,68.30%,80.00%
Sequent Scientific,217.84,1.51%,215.99,"42,47,021","5,400.70",132.78,54.8,231,117.35,7.93%,26.14%,8.37%,109.66%,50.96%,7.68,-,-,9.58%,-,194.83,173.98,64.07,50.00%,-
Dynamatic Technologies,"8,050.50",1.70%,"7,968.00","14,174","5,376.10",126.44,-43.57,"8,937.00","5,444.15",14.67%,22.13%,8.86%,236.49%,1078.18%,7.48,0.03%,18.24%,10.93%,74.19,"7,153.45","6,849.50",64.73,50.00%,65.00%
Rajesh Exports,181.29,-0.34%,181.15,"2,02,469","5,371.10",72.99,39.24,267.85,151.11,-2.07%,-3.30%,-28.72%,-74.77%,-59.40%,0.34,-,9.73%,3.29%,11.36,185.87,188.23,47.24,50.00%,60.00%
Crizac,308.1,0.60%,306,"2,48,840","5,358.80",28.64,25.16,387.95,269.85,4.97%,-4.72%,0.15%,0.15%,0.15%,8.95,-,-,39.69%,-,323.98,-,49.62,-,70.00%
Kaveri Seed Company,"1,031.50",-0.80%,"1,039.80","50,907","5,348.60",16.79,25.16,"1,602.00",810.5,-1.05%,-5.69%,9.80%,115.61%,105.48%,3.56,0.48%,19.94%,19.03%,61.18,"1,109.83","1,171.65",35.73,50.00%,75.00%
eMudhra,640.2,-0.69%,645,"1,07,946","5,338.50",56.81,19.14,"1,024.00",625.15,-5.21%,-17.97%,-29.59%,89.16%,148.24%,7.16,0.19%,11.53%,14.08%,9.34,679.88,760.6,37.17,50.00%,70.00%
Senco Gold,329.2,1.46%,324.45,"4,66,200","5,311.80",24.98,39.24,615.5,227.4,-5.69%,-0.24%,-44.62%,62.45%,62.45%,2.7,0.31%,16.76%,15.84%,26.35,352.47,358.35,45.95,50.00%,50.00%
Greaves Cotton,219.83,-3.60%,227.61,"36,93,355","5,309.60",361.75,119.29,319.5,154.5,1.29%,3.05%,18.90%,45.68%,229.33%,3.78,0.88%,-21.94%,5.25%,7.96,214.64,218.24,54.38,61.79%,75.00%
AGI Greenpac,824.85,0.63%,820,"94,639","5,303.20",15.06,13.58,"1,307.90",599.1,-6.91%,-13.87%,-10.45%,159.75%,970.54%,2.39,0.85%,4.63%,18.58%,38.81,864.23,829.89,42.95,62.31%,80.00%
India Tourism Development Corporation,620.45,0.53%,617.05,"33,209","5,293.30",67.08,324.15,739.95,467.05,3.49%,7.60%,3.77%,80.97%,178.85%,14.58,0.47%,17.69%,26.26%,7.66,602.67,588.58,52.03,50.00%,-
Fedbank Financial Services,145.76,2.89%,144.5,"10,21,442","5,292.80",21.55,10.51,166.8,80,-5.96%,13.04%,41.36%,3.93%,3.93%,1.95,-,13.29%,10.24%,7.02,147.52,113.31,47.29,50.00%,60.00%
Responsive Industries,201.54,2.42%,197.31,"55,676","5,246.30",26.13,37.5,289.5,155.8,6.47%,-6.72%,-23.43%,44.16%,39.23%,3.89,0.05%,2.35%,15.72%,6.74,191.76,206.57,67.81,50.00%,-
PDS,378.65,2.27%,373.95,"2,35,363","5,233.50",28.1,42.65,659,289.95,19.39%,9.85%,-30.14%,16.92%,412.52%,3.07,0.46%,16.27%,20.32%,11,327.04,397.12,75.64,50.00%,-
Hindustan Construction Company,28.54,-,28.66,"57,66,784","5,192.80",31.38,-6.34,47.85,21.97,-0.14%,7.82%,-27.49%,113.94%,519.09%,5.74,-,-,34.46%,-,27.87,28.32,54.01,-,-
VST Tillers Tractors,"6,085.00",1.59%,"6,080.00","29,242","5,176.90",45.1,27.21,"6,127.00","3,082.00",11.15%,32.33%,33.30%,158.73%,264.72%,5.16,0.33%,11.20%,11.53%,127.95,"5,405.54","4,337.78",78.06,50.00%,-
Optiemus Infracom,586.25,0.41%,587.7,"1,22,147","5,150.10",78.3,42.65,812.4,378.45,-13.64%,-3.06%,-12.51%,160.09%,475.60%,7.58,-,-,12.85%,-,627.84,576.07,37.51,50.00%,-
Unimech Aerospace and Manufacturing,"1,012.40",0.24%,"1,016.70","25,428","5,136.50",62.77,-43.57,"1,523.75",850,2.28%,-9.46%,-26.44%,-26.44%,-26.44%,7.69,-,-,14.87%,-,"1,026.07","1,094.65",50.52,-,-
Sterling & Wilson Renewable Energy,238.7,8.53%,220.9,"2,34,77,739","5,135.20",-14,22.37,603.1,218.45,-2.94%,-13.44%,-59.14%,-17.02%,11.28%,10.92,-,488.96%,17.09%,-,251.29,282.91,50.39,50.00%,70.00%
KNR Constructions,181.2,-0.02%,182,"6,20,071","5,096.80",5.31,-6.34,358.85,180.4,-8.51%,-14.14%,-37.21%,-22.81%,47.80%,1.12,0.14%,15.99%,23.09%,27.64,194.89,223.73,31.03,66.95%,80.00%
Gujarat Themis Biosyn,464.1,-0.22%,465.1,"52,586","5,068.00",113.22,60.61,479,208,9.74%,24.66%,90.63%,90.63%,90.63%,20.31,0.14%,-,23.47%,-,411.14,-,66.73,50.00%,-
Gokul Agro Resources,167.75,-2.30%,173.1,"2,05,112","5,066.60",19.15,8.41,212.5,96.55,-17.03%,9.94%,23.05%,162.81%,2566.93%,4.89,-,17.27%,35.50%,11.16,180.81,149.15,40.97,50.00%,-
R Systems International,425.4,-0.49%,429.9,"50,389","5,061.10",26.15,19.14,522.9,283,2.79%,0.42%,-11.72%,84.68%,250.41%,8.1,2.93%,16.44%,20.91%,12.02,432.5,399.4,52.78,50.00%,-
Rallis,262.6,1.63%,258.4,"13,29,480","5,025.10",31.33,-23.88,385.9,196,-15.75%,-31.05%,-21.51%,12.73%,11.91%,2.96,0.98%,9.68%,12.75%,8.12,317.96,287.65,30.07,65.70%,80.00%
Zaggle Prepaid Ocean Services,372.4,-0.07%,374.5,"5,05,363","5,003.00",51.46,19.14,591.9,298.65,7.23%,-0.59%,-11.33%,135.18%,135.18%,4.01,-,-,9.99%,-,365.91,387.99,58.72,60.00%,60.00%
J Kumar Infraprojects,655,-0.60%,662,"1,30,938","4,986.00",12.3,-6.34,819,578,1.68%,-6.27%,-12.12%,155.66%,527.39%,1.67,0.60%,7.60%,20.31%,45.57,635.41,682.32,60.5,66.33%,80.00%
DCB Bank,159.35,0.89%,158.4,"22,40,354","4,977.90",7.57,9.4,164.5,101.41,20.90%,20.14%,32.78%,42.66%,97.70%,0.89,0.84%,10.57%,6.76%,17.25,132.84,128.92,73.55,69.95%,75.00%
PTC India,166.82,-0.75%,168.6,"10,43,328","4,975.30",4.83,42.65,207,127.69,-1.29%,-4.19%,-7.32%,132.18%,248.27%,0.86,6.96%,8.63%,17.05%,17.36,171.85,168.82,44.9,50.00%,65.00%
Jana Small Finance Bank,482.5,3.61%,465,"2,95,621","4,900.40",11.91,9.4,552.5,363.8,-0.62%,4.56%,8.83%,31.06%,31.06%,1.14,-,18.72%,7.25%,71.68,470.72,464.29,61.2,60.00%,75.00%
KRN Heat Exchanger and Refrigeration,803.05,2.01%,788.2,"1,77,176","4,893.00",91.77,-43.57,"1,012.00",446,-3.09%,-6.15%,78.36%,67.72%,67.72%,9.81,-,-,15.51%,-,852.18,836.01,40.46,50.00%,75.00%
Swaraj Engines,"3,980.80",-0.50%,"3,999.20","9,368","4,860.10",27.48,119.29,"4,720.00","2,517.00",-4.69%,-1.06%,31.39%,148.30%,188.34%,12.41,2.61%,37.41%,52.20%,115.37,"4,181.04","3,844.02",39.07,50.00%,70.00%
Gujarat Ambuja Exports,107.58,1.77%,106.01,"2,39,683","4,848.60",20.38,25.16,144.73,98.72,0.73%,-0.05%,-17.13%,-13.12%,87.98%,1.61,0.24%,12.47%,11.43%,7.67,106.27,110.82,54.23,50.00%,70.00%
Indo Thai Securities,388.5,-3.31%,391.15,"1,26,849","4,845.30",230.11,10.51,"1,208.90",101.22,27.36%,100.85%,271.06%,1738.62%,20029.53%,22.7,-,-,6.24%,-,277.35,211.17,58.92,-,-
Sunflag Iron & Steel Company,267.1,-0.30%,265.1,"67,307","4,828.10",24.52,22.42,322,188.15,-2.46%,-7.93%,31.78%,221.81%,513.32%,0.57,0.28%,-,2.98%,-,267.71,262.82,51.1,50.00%,-
CARE Ratings,"1,604.60",-,"1,591.90","32,697","4,813.00",33.16,25.16,"1,964.00","1,052.00",5.69%,-2.59%,6.28%,223.18%,426.96%,5.97,1.12%,14.15%,22.60%,34.6,"1,568.86","1,481.53",57.01,65.69%,80.00%
Moschip Technologies,247.45,-1.18%,251.55,"14,79,865","4,811.00",112.38,18.14,288.45,129.98,-8.64%,44.95%,24.51%,24.51%,24.51%,13.1,-,-,11.25%,-,243.03,-,44.61,59.17%,70.00%
Entero Healthcare Solutions,"1,104.20",-0.11%,"1,105.40","1,19,882","4,809.50",41.05,42.65,"1,584.25","1,044.90",1.06%,-14.43%,-21.39%,-3.95%,-3.95%,2.8,-,2.42%,9.71%,8.99,"1,137.63","1,236.39",46.58,60.00%,-
Bansal Wire Industries,323.05,6.04%,306.55,"1,79,559","4,769.50",30.97,22.42,503.95,304,-8.28%,-15.30%,-19.51%,-7.79%,-7.79%,3.76,-,17.09%,16.84%,4.78,342.8,367.74,47.19,60.00%,-
DB Corp,263.2,-1.61%,267.95,"72,216","4,767.90",13.81,12.08,343.75,189.05,-1.75%,-3.22%,-21.56%,129.27%,255.92%,2.07,4.49%,19.16%,20.64%,26.08,266.75,254.74,50.5,64.81%,-
Indigo Paints,"1,003.95",0.41%,"1,000.55","28,141","4,767.10",33.68,45.4,"1,686.05",910,-7.39%,-15.92%,-39.17%,-38.40%,-67.79%,4.63,0.35%,16.50%,17.25%,29.92,"1,081.63","1,097.14",33.52,50.00%,75.00%
Refex Industries,373.8,1.52%,368.95,"4,46,712","4,760.10",33.64,42.65,572,334,2.30%,-11.91%,-22.10%,1089.69%,3872.37%,4.74,-,-,16.22%,-,362.14,412.37,57.73,50.00%,-
Innova Captab,812.25,-2.27%,822.4,"13,288","4,756.00",36.68,54.8,"1,260.00",662,-4.44%,-9.20%,0.95%,50.03%,50.03%,4.96,-,24.58%,14.13%,18.56,855.85,878.43,42.85,50.00%,-
Cigniti Technologies,"1,728.50",0.62%,"1,720.00","35,766","4,716.60",16.51,19.14,"1,970.00","1,033.25",13.28%,5.00%,22.72%,190.04%,282.75%,4.18,-,28.56%,27.78%,53.61,"1,636.03","1,551.26",61.45,67.99%,75.00%
SIS,333.1,-0.06%,330,"54,129","4,698.30",115.8,25.16,405.5,287.9,-2.97%,-11.95%,-15.82%,-19.07%,-13.09%,1.95,-,7.87%,6.31%,11.43,346.45,345.43,40.68,50.00%,-
TARC,161.83,1.65%,156,"18,89,201","4,698.20",-32.26,-6.34,243.12,103.22,0.75%,-10.10%,-30.06%,272.45%,633.92%,4.53,-,-,-6.50%,-,156.91,155.65,63.22,50.00%,-
Johnson Controls Hitachi AC,"1,725.80",0.28%,"1,714.10","9,709","4,679.30",123.63,65.72,"2,089.00","1,600.65",-0.27%,-1.06%,-10.84%,44.17%,-18.49%,7.32,0.87%,-12.46%,12.11%,10.14,"1,733.72","1,735.07",49.17,50.00%,75.00%
Lumax Industries,"5,049.20",1.17%,"4,989.00","9,219","4,665.50",32.89,80.72,"5,358.00","1,960.00",-4.84%,31.33%,102.48%,233.65%,297.94%,6.03,0.70%,17.66%,20.40%,130.57,"4,612.47","3,265.79",56.95,50.00%,-
Pace Digitek,218.56,1.57%,216.79,"26,18,973","4,644.90",16.35,22.37,231.95,202.2,0.26%,0.26%,0.26%,0.26%,0.26%,2.34,-,-,38.43%,-,-,-,50.43,-,75.00%
The Anup Engineering,"2,359.40",2.26%,"2,308.30","23,044","4,620.50",38.24,-43.57,"3,859.40","2,206.40",1.47%,-11.41%,-28.71%,455.22%,757.50%,7.53,0.74%,11.75%,22.91%,36.97,"2,331.59","2,748.18",51.72,50.00%,65.00%
National Fertilizers,94.42,1.04%,93.5,"7,66,644","4,584.50",29.96,34.91,129.7,71,-1.06%,-0.88%,-13.20%,84.23%,195.52%,1.69,1.67%,18.03%,9.94%,3.06,95.78,94.14,49.37,63.60%,75.00%
Zota Healthcare,"1,575.10",4.24%,"1,518.00","77,567","4,581.00",-74.14,54.8,"1,627.70",535,4.46%,29.31%,159.43%,475.17%,1043.03%,14.53,0.06%,-7.18%,-13.84%,-,"1,446.21","1,095.56",57.87,60.00%,-
Dishman Carbogen Amcis,292.2,0.14%,292,"1,42,735","4,574.90",43.87,54.8,321.95,177,2.87%,16.76%,59.08%,190.17%,105.41%,0.78,-,-,2.21%,-,282.22,246.68,54.17,-,-
Samhi Hotels,202.68,-1.86%,206.87,"10,30,764","4,568.60",24.32,324.15,254.5,121.1,0.66%,-7.08%,10.80%,41.34%,41.34%,3.99,-,41.92%,8.72%,-,205.17,192.27,51.17,50.00%,65.00%
Balaji Amines,"1,413.20",0.29%,"1,410.10","38,795","4,565.60",30.52,25.14,"2,169.00","1,127.55",-0.32%,-9.71%,-33.06%,-54.12%,75.36%,2.47,0.78%,12.27%,10.22%,60.31,"1,445.21","1,483.13",50.09,50.00%,75.00%
Avantel,169.1,-1.43%,171.99,"15,31,129","4,545.60",135.08,26.87,215,95.13,-16.41%,28.86%,5.06%,-12.93%,-12.93%,14.05,0.11%,32.02%,32.29%,2.13,176.92,141.27,41.58,60.00%,60.00%
LG Balakrishnan & Bros,"1,615.00",13.90%,"1,550.90","24,06,758","4,522.00",14.89,80.72,"1,600.00","1,081.00",14.56%,28.52%,19.65%,120.99%,535.33%,2.38,1.41%,16.52%,20.12%,85.6,"1,367.33","1,284.05",82.97,50.00%,-
Bannari Amman Sugars,"3,600.00",-0.01%,"3,602.10",119,"4,514.80",39.64,18.94,"4,444.00","3,000.30",1.75%,-4.22%,2.78%,27.08%,176.92%,2.53,0.35%,9.24%,9.25%,115.74,"3,592.79","3,739.91",58.22,50.00%,-
Bharat Rasayan,"10,721.00",-1.20%,"10,850.00","5,326","4,508.90",32.82,-23.88,"12,300.00","8,798.50",6.93%,-1.47%,-4.05%,-2.65%,24.74%,3.99,0.01%,13.95%,16.54%,316.55,"10,191.24","10,182.69",55.1,50.00%,-
Suven Life Sciences,204.72,3.63%,198.37,"1,91,604","4,493.80",-24.38,25.16,299.99,102.5,-1.87%,-23.84%,60.82%,229.40%,344.08%,19.27,-,-,-143.87%,-,211.36,188.43,51.43,-,-
Rain Industries,138.83,3.98%,133.2,"16,62,895","4,490.90",-14,25.16,197,117.06,4.41%,-10.68%,-14.51%,-18.60%,35.38%,0.64,0.75%,-10.25%,4.80%,-,134.89,141.66,62.01,68.14%,75.00%
Vaibhav Global,281.25,4.49%,270,"24,32,297","4,490.50",24.54,39.24,338.55,195,24.65%,23.14%,-0.92%,-18.84%,-25.91%,3.11,0.55%,10.07%,14.79%,7.91,231.92,238.19,75.64,50.00%,75.00%
Route Mobile,723.85,1.63%,714,"2,75,065","4,487.00",14.41,19.14,"1,542.00",710.65,-8.90%,-17.57%,-51.86%,-45.74%,-30.54%,1.85,1.54%,17.91%,18.45%,55.29,805.62,961.36,34.19,60.00%,75.00%
Aarti Drugs,503.45,2.51%,491.1,"1,15,164","4,482.30",23.89,60.61,564.05,312,2.41%,2.10%,4.04%,8.42%,-21.99%,3.29,0.20%,13.95%,14.25%,17.06,497.48,443.16,51.07,50.00%,75.00%
Indiqube Spaces,214.26,0.45%,212.02,"51,187","4,479.50",-32.07,25.16,243.8,195.4,-8.18%,0.76%,-1.70%,-1.70%,-1.70%,6.94,-,-,4.46%,-,226.71,-,37.39,-,70.00%
Heritage Foods,485.25,0.68%,483,"1,63,719","4,472.30",25.9,20.33,540,352.1,-2.88%,2.03%,-6.09%,202.71%,224.32%,4.29,0.52%,13.18%,23.16%,15.97,487.85,443.82,48.3,50.00%,75.00%
Orient Electric,213.52,2.23%,212.33,"1,10,506","4,456.40",50.44,63.33,262.08,177.21,7.24%,0.21%,-12.15%,-20.52%,-1.08%,6.25,0.72%,11.78%,17.73%,2.59,206.17,217.78,62.15,50.00%,-
NIIT Learning Systems,321.8,-0.98%,323,"53,175","4,454.80",20.56,46.84,520,308.6,-3.78%,0.69%,-25.92%,-15.98%,-15.98%,3.68,0.92%,24.95%,23.37%,16.45,330.12,370.74,40.46,68.11%,-
Heidelberg Cement,195.38,-0.55%,196.9,"58,835","4,452.00",34.6,36.01,242.78,182.42,-2.76%,-8.35%,-14.34%,-5.27%,5.01%,3.4,3.56%,6.79%,10.85%,6.85,205.09,203.99,41.66,72.17%,70.00%
Enviro Infra Engineers,251.75,-0.58%,254.15,"6,46,888","4,444.90",23.45,22.37,391.6,182,-0.90%,-0.55%,21.58%,21.58%,21.58%,4.47,-,-,25.25%,-,250.52,238.09,54.64,63.13%,70.00%
VST Industries,259.45,-0.69%,261.25,"2,65,202","4,437.60",14.58,21.6,373,242.05,-1.07%,-8.00%,-24.23%,-18.07%,-16.38%,3.5,5.22%,24.08%,27.46%,175.81,263.99,282.51,48.71,67.25%,80.00%
Orient Cement,218.16,1.73%,223.99,"24,47,324","4,406.30",16.95,60.26,362.4,211.24,-2.92%,-11.24%,-36.45%,71.58%,252.72%,2.44,0.23%,10.03%,7.35%,8.52,222.41,289.17,49.24,65.71%,75.00%
Ramky Infrastructure,627.35,-1.32%,634.9,"88,147","4,399.20",20.33,-6.34,705,402.25,8.82%,9.36%,-0.41%,119.16%,2085.89%,2.31,-,74.45%,17.11%,39.6,600.59,537.06,51.68,50.00%,-
Northern Arc Capital,284.2,4.43%,272.95,"24,04,393","4,397.00",15.37,10.51,290,141.47,-0.53%,25.29%,9.56%,-12.12%,-12.12%,1.28,-,-,9.75%,-,263.86,222.96,61.58,50.00%,75.00%
SML Isuzu,"3,187.30",5.00%,"3,187.30","54,571","4,393.00",31.05,604.33,"4,743.00","1,028.40",-1.65%,-9.33%,79.39%,333.50%,731.76%,9.9,0.59%,11.15%,36.43%,84.64,"3,472.34","2,350.83",51.72,36.00%,-
Sun Pharma Advanced Research Co,140.14,3.66%,135.19,"8,20,665","4,386.90",-14.68,25.16,241,109.3,6.08%,-5.70%,-31.68%,-42.96%,-16.81%,-20.2,-,-307.91%,862.23%,-,137.63,148.77,58.04,50.00%,75.00%
Ceigall India,249.8,-0.68%,251.5,"69,456","4,381.30",16.86,-6.34,383,235.95,-4.14%,-7.49%,-29.71%,-35.41%,-35.41%,2.39,-,33.57%,19.22%,17.06,261.13,264.73,40.47,70.00%,-
Gopal Snacks,352.95,0.47%,349,"47,466","4,378.00","-1,597.05",20.33,520,255.9,1.19%,-2.38%,-26.88%,-2.69%,-2.69%,10.82,0.28%,38.63%,7.28%,7.66,359.8,329.83,51.09,60.00%,-
SG Mart,334.95,-3.42%,343.2,"7,38,265","4,369.70",36.38,42.65,389.55,334,-8.23%,-6.46%,-6.46%,-6.46%,-6.46%,2.86,-,-,14.60%,-,-,-,41.6,-,-
Shreeji Shipping Global,272.2,2.15%,271,"13,28,465","4,341.30",30.62,25.16,275,222,12.75%,6.70%,6.70%,6.70%,6.70%,6.13,-,-,51.19%,-,-,-,69.19,-,60.00%
Jtekt,165.47,6.58%,156,"12,64,063","4,306.60",47.74,80.72,188.5,103.76,0.46%,31.36%,-0.74%,61.70%,113.70%,4.37,0.41%,11.87%,15.27%,3.07,157.27,140.24,58.62,50.00%,-
Awfis Space Solutions,601.4,0.22%,595,"1,41,079","4,291.30",57.09,25.16,810,545.5,1.91%,1.08%,-16.22%,42.60%,42.60%,9.32,-,-27.54%,11.51%,-,585.91,627.68,53.32,60.00%,65.00%
Ajmera Realty & Infra,"1,067.40",-0.44%,"1,072.10","1,20,342","4,219.70",31.68,-6.34,"1,224.90",681.55,5.52%,27.72%,17.88%,354.21%,1117.80%,3.5,0.42%,-,12.57%,-,997.71,908.62,62.22,50.00%,-
Gujarat Alkalies & Chemicals,562.45,-1.68%,572.05,"45,244","4,201.40",-122.13,25.14,894.2,483.6,0.15%,-3.00%,-33.77%,-36.38%,78.47%,0.74,2.76%,6.67%,-0.29%,-,573.51,596.81,48.56,67.59%,-
Kitex Garments,203.03,-3.12%,210,"8,92,783","4,180.90",32.6,47.97,767.7,147.01,8.01%,-3.41%,-68.47%,-0.21%,503.90%,4.05,0.24%,-,8.85%,-,195.16,221.4,52.16,-,-
Goodluck India,"1,264.30",0.68%,"1,265.00","68,762","4,173.80",24.5,22.42,"1,349.00",567.75,-2.51%,17.11%,35.04%,191.95%,3262.50%,3.12,0.31%,14.16%,19.32%,42.47,"1,202.63",960.89,55.04,50.00%,65.00%
GK Energy,215.56,4.94%,206.45,"17,01,001","4,166.30",31.25,22.37,239.6,155.16,22.10%,28.51%,28.51%,28.51%,28.51%,5.87,-,-,91.19%,-,-,-,63.57,-,75.00%
Styrenix Performance Materials,"2,416.50",2.01%,"2,391.00","24,976","4,165.70",18.46,22.29,"3,498.00","2,220.50",-1.98%,-15.74%,-2.17%,186.55%,365.34%,3.57,1.31%,3.89%,18.98%,114.79,"2,508.89","2,761.55",46.22,68.18%,80.00%
Midwest,"1,133.10",-1.57%,"1,150.00","1,08,102","4,162.80",31.25,25.16,"1,190.00","1,048.50",-0.65%,-0.65%,-0.65%,-0.65%,-0.65%,5.14,-,-,23.76%,-,-,-,-,-,-
Hubtown,306.45,2.42%,302.2,"3,03,849","4,133.10",33.83,-6.34,365.7,162.05,-0.10%,-10.00%,13.44%,495.63%,2964.50%,1.7,-,-,7.61%,-,319.81,257.95,48.69,36.00%,-
Pondy Oxides & Chemical,"1,356.50",-1.05%,"1,369.10","2,12,525","4,124.60",47.07,19.8,"1,506.00",490,8.99%,18.95%,37.49%,698.74%,698.74%,6.55,0.24%,28.56%,15.15%,32.3,"1,261.28",903.55,53.1,56.27%,-
Raymond Realty,623.45,0.88%,620,"1,84,513","4,114.30",50.11,-6.34,"1,050.00",564.5,4.40%,-10.26%,-35.67%,-35.67%,-35.67%,3.06,-,-,6.27%,-,622.34,-,49.05,-,-
Borosil,354.85,3.61%,344.95,"1,30,084","4,095.50",49.73,25.44,515.9,282.65,0.94%,10.32%,-21.21%,7.15%,205.56%,5.07,-,10.25%,13.18%,5.52,345.54,344.47,59.04,66.80%,-
NACL Industries,199.62,-1.48%,202.2,"1,68,152","4,081.30",-58.32,-23.88,339.45,49,-2.41%,-38.17%,274.94%,137.36%,414.48%,9.29,-,-,-10.13%,-,230.48,180.6,41.6,-,-
Share India Securities,188.68,0.89%,186.1,"5,90,449","4,067.50",13.12,10.51,333.2,127.5,35.70%,6.44%,-34.87%,-29.69%,870.08%,1.74,0.73%,32.47%,20.58%,21.9,156.55,178.53,59.83,50.00%,50.00%
Precision Wires India,225.18,-0.32%,226.5,"3,96,218","4,067.30",42.98,19.8,237.5,118,7.90%,28.10%,18.85%,248.95%,1253.25%,6.83,0.50%,8.75%,18.81%,4.4,193.45,169.03,68.34,50.00%,-
Marathon NextGen Realty,610.05,1.38%,602.1,"33,734","4,057.00",18.93,-6.34,769.45,352.05,1.57%,-11.23%,6.70%,208.50%,1037.09%,1.94,0.13%,14.22%,16.78%,32.51,616.04,572.64,49.86,50.00%,-
Sanathan Textiles,481.05,0.22%,475.1,"21,198","4,051.40",26.79,23.33,560.2,286.95,-3.91%,-4.05%,23.87%,23.87%,23.87%,2.24,-,-,8.21%,-,503.81,439.28,31.33,65.00%,-
Goldiam International,377.55,5.42%,358.05,"9,64,560","4,044.20",31.47,39.24,569,251.35,-3.19%,10.38%,9.85%,164.67%,1158.50%,4.3,0.79%,14.39%,22.56%,8.96,376.54,382.99,56.22,50.00%,70.00%
Medi Assist Healthcare,571.15,0.31%,569.4,"96,156","4,022.80",44.52,25.16,634.85,415.25,8.23%,5.80%,-8.80%,23.07%,23.07%,6.04,-,19.63%,18.67%,12.98,536.19,510.49,62.89,50.00%,65.00%
RPG Life Sciences,"2,441.00",1.54%,"2,413.50","5,554","3,975.80",18.48,54.8,"2,744.80","1,835.00",7.55%,3.88%,-5.21%,177.31%,614.68%,7.19,1.00%,23.39%,43.40%,55.82,"2,349.62","2,289.15",60.43,50.00%,-
Kirloskar Industries,"3,762.90",-0.87%,"3,795.90","5,603","3,954.50",11.83,10.51,"5,077.45","2,810.80",-9.56%,-11.35%,-20.86%,114.50%,545.44%,0.63,0.34%,9.33%,6.09%,216.89,"3,906.80","3,739.67",36.3,50.00%,-
Hemisphere Properties,138.95,0.21%,138.5,"2,30,115","3,951.80",-408.38,-6.34,190.69,111.03,-24.48%,10.72%,-22.14%,43.40%,105.40%,8.99,-,-1.77%,-0.70%,-,155.11,140.07,36.69,50.00%,55.00%
HLE Glascoat,645,12.43%,578,"43,53,232","3,916.40",52.68,-43.57,585.45,217.83,38.37%,48.43%,69.18%,-4.22%,66.83%,8.76,0.19%,21.36%,15.35%,4.29,521.95,389.27,75.33,50.00%,-
Restaurant Brand Asia (Burger King),67.68,0.67%,67.9,"20,20,395","3,914.10",-17.43,324.15,93.5,59.4,-14.21%,-17.04%,-25.90%,-44.07%,-49.87%,4.3,-,-28.58%,-2.68%,-,76.89,76.44,32.16,68.43%,75.00%
Ujaas Energy,123.11,5.00%,111.38,"9,675","3,909.10",521.96,7.39,129.9,72.27,20.84%,19.76%,0.71%,25547.92%,21125.86%,46.82,-,-,10.83%,-,104.01,58.24,58.84,-,-
UFLEX,540.15,-0.20%,540.05,"19,856","3,908.40",13.07,13.58,685.6,438,-2.42%,-6.50%,-4.97%,-20.94%,68.59%,0.53,0.55%,6.41%,7.29%,30.75,547.57,544.96,40.14,50.00%,-
Swan Defence & Heavy Industries,773.25,5.00%,773.25,"6,619","3,879.80",-25.28,25.16,736.45,37.8,21.54%,129.01%,1945.63%,1945.63%,1945.63%,13.78,-,-,-6.18%,-,296.62,-,100,-,-
Lux Industries,"1,269.70",-0.54%,"1,277.40","19,142","3,839.00",24.84,2.96,"2,174.00","1,211.00",-2.78%,-5.77%,-32.94%,-26.64%,-8.16%,2.22,0.16%,9.54%,13.74%,43.07,"1,306.70","1,406.09",39.81,50.00%,75.00%
Trualt Bioenergy,435.4,-2.40%,446.4,"2,55,393","3,825.40",26.17,25.16,549,439.25,-18.00%,-18.00%,-18.00%,-18.00%,-18.00%,2.53,-,-,15.29%,-,-,-,27.11,-,75.00%
Raymond,575.4,0.24%,576.8,"1,62,871","3,821.70",0.69,0.62,"1,908.00",408.11,-2.19%,-10.00%,-65.90%,125.51%,943.15%,1.03,-,-,3.06%,-,598.69,571.56,43.83,55.00%,75.00%
Vadilal Industries,"5,329.00",0.30%,"5,313.00","1,784","3,818.90",27.25,20.33,"7,398.50","3,414.05",-2.93%,1.72%,38.52%,145.55%,572.13%,6.15,0.40%,24.22%,24.02%,211.89,"5,377.14","5,176.70",45.85,0.00%,-
GNG Electronics,335.8,0.25%,340.85,"3,12,342","3,818.80",55.31,42.65,401.7,300,-4.95%,10.03%,0.72%,0.72%,0.72%,6.09,-,-,38.19%,-,345.78,-,50.93,-,70.00%
Greenply Industries,305.95,0.15%,301.2,"51,752","3,815.10",43.92,25.16,374.95,245.1,2.07%,-3.29%,-8.44%,76.65%,284.36%,4.73,0.16%,14.20%,13.25%,7.87,305.25,299.57,53.65,50.00%,-
MSTC,553.1,2.21%,540.2,"8,10,809","3,809.70",8.96,42.65,809.75,411.1,5.77%,16.42%,-14.11%,107.66%,278.19%,5.16,7.48%,30.76%,66.07%,30.63,513.73,522.49,59.46,62.85%,75.00%
Neogen Chemicals,"1,471.20",1.98%,"1,442.60","29,171","3,805.80",113.06,25.14,"2,420.00","1,390.00",-2.00%,1.74%,-32.68%,-1.85%,138.29%,4.82,0.07%,10.36%,9.73%,14.17,"1,498.43","1,623.13",47.21,50.00%,-
Bajaj Consumer Care,286.1,3.21%,279.4,"18,64,739","3,799.00",31.33,16.79,279,151,19.54%,28.90%,27.17%,81.13%,52.30%,5.28,-,18.71%,20.30%,10.25,247.3,201.93,73.42,50.00%,75.00%
Kolte Patil Developers,443.2,3.84%,427,"1,63,552","3,784.90",43.94,-6.34,497.55,239,2.23%,7.09%,22.40%,33.41%,162.33%,3.03,-,-9.17%,24.33%,-,446.1,386.69,55.11,65.97%,70.00%
Kalyani Steels,883.7,2.11%,865.4,"65,859","3,777.70",14.19,22.42,"1,277.00",666.5,12.62%,0.53%,11.00%,198.35%,322.02%,1.99,1.16%,14.81%,18.78%,56.59,821.61,827.58,70.59,63.99%,-
Jamna Auto Industries,94.01,-0.58%,94.6,"3,32,495","3,772.80",21.01,80.72,114.34,68.57,-7.36%,3.54%,-14.49%,-15.50%,102.83%,3.8,2.22%,21.47%,25.24%,5.15,101.42,89.97,38.05,50.00%,65.00%
Shanthi Gears,479.3,-2.33%,487,"38,760","3,764.80",40.78,-43.57,619.8,399,-8.50%,-11.22%,-13.54%,24.70%,379.30%,8.78,1.01%,23.82%,32.21%,11.18,538.84,502.87,30.56,50.00%,-
Parag Milk Foods,320,2.71%,312,"9,62,968","3,719.20",32.75,20.33,324.45,135.49,13.48%,33.44%,62.43%,200.47%,209.03%,3.58,0.31%,6.59%,17.07%,8.08,275.96,215.66,67.12,63.20%,75.00%
MPS,"2,196.70",1.10%,"2,168.90","5,496","3,716.80",23.5,19.14,"3,079.00","1,754.20",0.43%,-4.61%,3.75%,208.61%,516.96%,7.78,3.82%,25.83%,37.62%,66.85,"2,220.07","2,449.27",44.93,50.00%,-
Centum Electronics,"2,464.80",-1.91%,"2,530.00","18,512","3,695.60",575.16,44.1,"3,044.00","1,140.30",0.23%,13.81%,35.60%,284.34%,806.34%,9.08,0.24%,-1.40%,10.24%,-,"2,665.22","2,112.09",41.76,0.00%,-
Nalwa Sons Investments,"6,949.00",-3.41%,"7,194.00","11,046","3,695.00",87.13,10.51,"9,974.00","4,600.00",-12.26%,4.54%,8.22%,186.51%,825.73%,0.22,-,-,0.34%,-,"7,415.31","6,760.30",32.35,-,-
Jubilant Agri & Consumer Products,"2,460.00",0.47%,"2,489.00","1,049","3,689.20",35.15,25.14,"3,013.40","1,020.00",5.16%,11.08%,62.87%,62.87%,62.87%,11.46,-,-,35.34%,-,"2,527.10",-,54.01,-,-
Orchid Pharma,770.35,6.06%,715,"7,06,726","3,683.70",43.21,54.8,"1,997.40",603.8,3.54%,-3.79%,-44.57%,90.02%,4179.72%,3.07,-,8.13%,7.85%,21.99,731.49,847.63,64,50.00%,-
Camlin Fine Sciences,199.95,2.07%,195,"2,76,316","3,682.50",-27.41,25.14,333.3,103.62,2.87%,-26.65%,89.17%,28.67%,112.85%,4.09,-,-,12.68%,-,206.48,204.41,49.8,-,-
PSP Projects,972.15,4.67%,930,"10,12,936","3,681.90",131.15,-6.34,949.85,595.95,26.94%,41.96%,59.77%,63.22%,145.18%,3.01,-,16.81%,10.09%,30.22,774.73,697.42,73.77,70.00%,75.00%
Jain Irrigation Systems,51.08,-0.78%,51.44,"10,09,850","3,678.80",69.65,37.5,83.4,45.1,-4.11%,2.26%,-21.46%,41.89%,259.72%,0.63,-,1.63%,6.53%,1.07,52.31,57.11,48.87,50.00%,65.00%
Sindhu Trade Links,23.74,-0.29%,23.7,"2,12,095","3,671.30",52.89,25.16,39.29,13,-15.88%,-10.25%,6.22%,0.38%,0.38%,2.28,-,-0.19%,11.40%,0.73,25.85,22.85,33.58,50.00%,-
63 Moons Technologies,789.4,-0.82%,791,"1,19,948","3,667.60",-61.76,19.14,"1,130.00",550.65,-8.35%,-20.62%,35.68%,401.52%,980.63%,1.07,0.15%,-0.71%,-1.58%,37.88,875.75,841.12,35.96,50.00%,-
Navneet Education,160.32,-0.82%,161.62,"1,75,499","3,656.50",16.92,-199.41,168.5,127.51,-1.21%,6.88%,13.22%,13.06%,111.36%,1.99,1.82%,19.46%,47.59%,6.7,157.31,145.36,52.87,50.00%,-
Jindal Worldwide,36.47,0.08%,36.38,"2,71,915","3,653.50",48.49,47.97,94.24,33.89,0.86%,-8.32%,-39.20%,-41.03%,260.73%,4.62,-,17.80%,16.99%,3.99,36.79,55.36,46.04,50.00%,-
Foseco,"5,676.00",-0.56%,"5,708.00",793,"3,645.40",44.28,25.14,"6,846.00","3,205.00",1.41%,8.04%,24.27%,182.46%,389.39%,9.81,0.44%,25.46%,28.55%,101.93,"5,901.78","4,611.19",48.09,50.00%,-
Standard Glass Lining Technology,182.38,0.12%,184,"2,04,804","3,633.90",48.9,-43.57,213.8,124,-1.91%,-2.60%,11.70%,11.70%,11.70%,5.15,-,-,14.69%,-,182.65,167.05,52.7,-,-
Harsha Engineers,401.05,0.53%,400,"17,115","3,632.20",39.73,80.72,560,329.95,0.61%,-5.20%,-19.17%,-7.98%,-17.56%,2.89,0.25%,11.50%,10.49%,13.5,402.63,398.63,52.5,50.00%,-
Wonderla Holidays,577.7,0.94%,572.3,"46,406","3,629.30",36.73,21.92,947.4,552.5,-2.69%,-7.08%,-33.06%,67.52%,263.10%,2.1,0.35%,14.43%,6.39%,24.17,608.04,649.28,44.19,50.00%,-
Utkarsh Small Finance Bank,20.23,-0.69%,20.37,"52,06,435","3,624.90",-10.31,9.4,36.49,16.89,7.43%,18.10%,-42.13%,-50.36%,-50.36%,0.93,-,16.74%,6.29%,4.79,18.63,20.3,57.09,50.00%,-
Network People Services Tech,"1,766.00",-4.89%,"1,884.70","30,179","3,600.30",98.66,19.14,"3,459.00","1,505.00",-12.16%,-25.09%,-41.37%,1462.83%,2217.59%,34.72,-,-,55.34%,-,"2,001.33","2,065.27",35.28,60.00%,-
Raghav Productivity Enhancers,876.15,12.09%,793.25,"21,65,863","3,588.70",79.07,35.82,889.5,449.5,26.03%,41.17%,32.23%,78.43%,78.43%,18.55,0.13%,16.42%,23.84%,12.42,676.79,637.59,81.76,60.00%,-
Cyient DLM,459.45,1.68%,451.9,"1,08,287","3,586.10",43.94,44.1,744.25,378.6,5.22%,4.15%,-27.41%,9.24%,9.24%,3.64,-,6.73%,11.14%,8.38,450.5,457.83,52.78,50.00%,70.00%
Quess Corp,235.42,-1.81%,240.09,"2,04,178","3,574.30",72.77,30.52,752,231.85,-8.45%,-18.85%,-29.23%,-56.95%,-41.59%,3.29,4.17%,-,5.74%,-,255.24,293.31,40,67.18%,-
Madhya Bharat Agro,408.5,0.41%,410,"60,686","3,565.10",39.27,34.91,469.7,205.01,3.46%,-7.47%,80.54%,-10.54%,1217.74%,7.78,0.12%,37.82%,20.64%,3.32,421.19,354.31,43.38,50.00%,-
Pitti Engineering,943,-0.38%,940,"37,892","3,564.10",28.37,-43.57,"1,512.40",838,-5.23%,1.82%,-28.28%,244.79%,2352.54%,3.97,0.16%,17.61%,17.57%,25.43,950.79,989.5,47.47,50.00%,-
Senores Pharmaceuticals,773.65,0.32%,771.2,"2,23,315","3,551.70",51.66,26.33,790,435.25,6.24%,11.08%,38.88%,38.88%,38.88%,4.51,-,-,9.34%,-,720.53,601.78,62.19,65.00%,70.00%
Premier Explosives,658.5,-0.25%,665,"5,23,095","3,549.00",96.44,25.14,684,309.15,8.74%,49.51%,47.79%,668.92%,2626.71%,14.43,0.02%,-,17.42%,-,587.9,492.02,60.89,50.00%,-
Rossari Biotech,644.9,0.62%,644,"17,699","3,548.70",25.97,25.14,884.7,569,0.02%,-6.57%,-19.16%,-28.14%,-17.10%,2.84,0.08%,12.47%,14.93%,24.68,641,669.86,48.07,50.00%,-
Magellanic Cloud,58.81,-3.08%,60.68,"18,13,052","3,546.10",34.17,19.14,105.42,42.49,-23.04%,-30.91%,-22.52%,-22.52%,-22.52%,6.94,0.05%,-,25.56%,-,73.87,-,34.28,36.00%,-
Prince Pipes & Fittings,323.55,1.06%,320.95,"1,55,749","3,539.60",151.56,37.5,506.6,229.05,-5.10%,-4.23%,-31.51%,-41.54%,38.09%,2.24,0.16%,8.90%,4.00%,15.73,329.26,317.13,49.03,50.00%,70.00%
Interarch Building Solutions,"2,203.70",4.78%,"2,124.30","1,18,468","3,527.30",30.42,22.42,"2,400.00","1,264.00",14.23%,0.55%,30.37%,84.30%,84.30%,4.73,0.59%,-,19.05%,-,"2,036.09","1,889.46",70.99,-,-
Pennar Industries,270.9,3.64%,260,"13,75,812","3,527.20",28.26,22.42,269.2,135.65,11.00%,16.64%,36.39%,367.47%,1587.85%,3.54,-,9.68%,21.78%,7.63,245.25,211.45,71.08,50.00%,75.00%
Mahindra Logistic,340.65,-3.83%,351.3,"2,69,591","3,513.00",-115.42,25.16,388.4,217.38,-3.39%,5.94%,-9.54%,-32.27%,2.66%,3.06,0.51%,-10.33%,6.09%,-,344.02,308.5,42.97,68.66%,70.00%
Steel Strips Wheels,230.1,3.39%,223,"4,15,398","3,498.10",17.35,80.72,280,167.41,0.22%,3.43%,12.16%,41.66%,373.75%,2.27,0.56%,17.08%,18.55%,14.49,227.56,217.41,55.05,50.00%,-
Greenpanel Industries,279.9,-1.76%,284.9,"1,92,013","3,493.70",24.45,25.16,418.8,202.81,-6.40%,2.32%,-25.06%,-23.46%,249.00%,2.65,0.11%,10.83%,11.59%,11.65,289.59,279.24,40.27,50.00%,-
Stylam Industries,"2,109.00",2.54%,"2,065.90","66,020","3,485.90",28.53,25.16,"2,661.90","1,464.25",22.72%,15.22%,-8.27%,97.65%,64.91%,5.29,-,23.29%,25.15%,76.61,"1,806.57","1,747.64",67.32,50.00%,60.00%
Go Colors,639.3,-0.77%,649.2,"1,25,235","3,479.50",40.02,47.97,"1,252.00",642.3,-9.08%,-11.01%,-45.21%,-54.07%,-49.01%,5,-,9.44%,15.67%,15.77,695.74,787.97,31.83,50.00%,-
Vishnu Chemicals,525.05,1.78%,522.75,"2,30,322","3,472.50",27.01,25.14,595.8,336,8.60%,5.60%,-2.86%,54.00%,1556.83%,3.74,0.06%,32.96%,18.00%,15.43,488.01,474.46,69.46,50.00%,60.00%
Balmer Lawrie & Co,201.59,-0.27%,202.13,"75,564","3,456.50",13.11,30.52,246,146.6,-4.25%,-5.05%,-14.85%,75.07%,101.99%,1.76,4.20%,6.24%,12.90%,15.68,213.37,202.49,41.73,66.65%,75.00%
Advanced Enzyme Tech,319.4,3.68%,308.05,"2,99,236","3,446.50",24.74,54.8,505.7,257.9,-3.45%,-2.84%,-33.10%,13.08%,8.62%,2.43,1.69%,9.99%,12.52%,13.3,323.77,312.32,54.02,50.00%,75.00%
Artemis Medicare Services,245.11,-0.99%,247.56,"1,55,956","3,439.40",39.7,32.94,350,207.71,4.44%,-1.62%,-11.32%,246.69%,1466.20%,4.48,0.18%,10.81%,12.23%,4.07,237.49,256.14,53.91,50.00%,-
Sanghvi Movers,403.4,1.83%,398.1,"3,93,342","3,429.70",20.66,25.16,428.65,206,4.31%,51.37%,-1.08%,256.20%,970.59%,3.01,0.50%,13.31%,16.95%,40.23,367.67,296.3,63.55,50.00%,70.00%
Protean e-Gov Technologies,847.7,0.32%,845,"1,33,635","3,426.30",36.03,19.14,"1,535.00",716.05,-5.45%,10.24%,-42.32%,-42.32%,-42.32%,3.43,1.18%,-,11.18%,-,876.62,-,44.67,62.51%,75.00%
Paisalo Digital,37.66,-0.61%,37.9,"63,68,697","3,418.10",16.69,10.51,63.74,29.38,0.21%,22.23%,-18.04%,-16.09%,95.64%,2.24,0.26%,8.05%,12.92%,2.02,37.04,35.35,46.16,50.00%,70.00%
Fineotex Chemical,32.05,7.44%,28.9,"4,95,42,430","3,417.80",32.39,25.14,38.39,20.7,27.94%,26.98%,-12.69%,-3.81%,920.70%,4.67,0.27%,25.18%,19.04%,11.09,24.61,25.71,82.82,50.00%,-
Bharat Bijlee,"3,016.70",-0.22%,"3,027.50","17,528","3,417.40",23.24,34.77,"4,816.25","2,350.00",-8.57%,4.15%,-35.19%,167.90%,757.67%,1.56,1.16%,7.05%,9.13%,115.05,"3,090.40","3,001.22",41.42,50.00%,75.00%
Siyaram Silk Mills,773.3,2.91%,746.6,"1,98,391","3,409.10",17.94,53.68,"1,175.00",555.1,11.10%,26.11%,25.45%,63.07%,464.25%,2.66,1.59%,16.25%,20.65%,41.05,689.91,702.07,67.54,50.00%,-
Bombay Dyeing,164.67,0.30%,164.2,"4,88,031","3,390.70",6.94,4.04,241.45,117.5,-7.23%,-4.27%,-27.29%,97.68%,164.32%,1.43,0.73%,159.61%,25.09%,-,175.06,156.2,37.31,50.00%,75.00%
Allcargo Logistics,35.37,2.82%,34.35,"39,12,265","3,380.80",-62.45,25.16,58.3,26.39,10.15%,0.43%,-36.49%,-54.97%,-60.84%,1.39,6.11%,20.98%,5.06%,0.26,32.64,33.55,63.08,65.59%,75.00%
Globus Spirits,"1,143.10",-1.14%,"1,165.00","63,230","3,349.30",137.74,55.81,"1,303.20",751,6.88%,-7.24%,9.71%,44.63%,291.14%,3.37,0.24%,9.86%,6.32%,25.47,"1,106.48","1,023.71",58.74,50.00%,70.00%
Tatva Chintan Pharma,"1,412.70",-0.67%,"1,455.00","6,75,156","3,327.10",462.08,25.14,"1,447.40",621,35.23%,22.29%,64.97%,-42.66%,-38.90%,4.48,0.07%,8.84%,1.20%,11.14,"1,133.57",917.13,73.75,50.00%,-
IndoStar Capital Finance,256.55,5.49%,244.8,"3,89,108","3,325.60",5.34,10.51,366.3,217.88,0.12%,-13.91%,-5.96%,60.80%,-12.34%,0.83,-,7.24%,8.13%,7.48,253.78,282.83,58.52,50.00%,-
Rolex Rings,122.83,0.68%,123.2,"1,97,177","3,322.50",19.2,21.69,232,120,-5.36%,-12.56%,-45.65%,-38.54%,5.25%,3.1,-,17.37%,18.86%,64.46,133.71,144.91,36.92,50.00%,-
Unichem Laboratories,475.15,0.89%,470,"6,205","3,315.80",26.46,54.8,937.95,455.55,-3.47%,-15.48%,-44.89%,3.02%,96.67%,1.35,-,-2.98%,6.81%,-,488.25,593.43,47.75,50.00%,-
Sambhv Steel Tubes,114.14,1.59%,112.5,"8,38,793","3,310.60",57.76,22.42,149.4,96.25,-2.59%,-8.42%,16.96%,16.96%,16.96%,3.53,-,-,14.59%,-,117.47,-,50.77,-,70.00%
Sundaram Clayton,"1,521.10",1.77%,"1,509.80","9,719","3,295.00",-262.25,21.69,"2,934.00","1,482.00",-10.68%,-19.41%,-33.89%,0.62%,0.62%,3.39,0.32%,-20.02%,7.25%,-,"1,640.36","2,034.09",38.85,50.00%,-
Flair Writing Industries,310.1,-0.31%,312.85,"94,065","3,278.30",27.02,-199.41,357,194.03,-1.26%,-7.34%,10.08%,-31.23%,-31.23%,3.23,0.32%,13.18%,15.21%,10.75,314.57,275.74,50,50.00%,-
Ganesha Ecosphere,"1,213.10",-0.58%,"1,212.30","15,047","3,269.60",35.78,53.68,"2,484.20","1,148.80",0.12%,-17.07%,-44.89%,45.39%,363.10%,2.6,0.35%,10.89%,10.86%,23.54,"1,267.41","1,456.85",41.66,64.74%,75.00%
Epack Durable,332.6,-2.23%,341.05,"8,46,642","3,264.80",59.9,65.72,669.95,316,-6.93%,-12.94%,-26.06%,57.89%,57.89%,3.44,-,-,12.34%,-,363.63,376.18,39.27,50.00%,60.00%
Gufic BioSciences,328.15,0.85%,325.4,"41,207","3,263.00",52.64,54.8,504.25,298.8,-8.47%,-13.76%,-29.50%,42.95%,206.40%,5.42,0.03%,22.92%,15.18%,8.59,358.15,369.89,30.12,50.00%,-
Euro Pratik Sales,319.15,0.40%,317,"1,67,032","3,248.70",46.26,25.16,330,225,25.48%,28.49%,28.49%,28.49%,28.49%,13.87,-,-,41.89%,-,-,-,76.36,-,70.00%
Arkade Developers,173.46,-0.53%,175.44,"3,30,494","3,237.60",20.49,-6.34,213.69,128.15,1.35%,-7.11%,23.39%,4.58%,4.58%,3.39,-,-,22.17%,-,174.07,172.05,54.41,50.00%,70.00%
Apeejay Surrendra Park Hotels,151.16,0.13%,151.99,"2,24,371","3,221.30",32.56,324.15,206.2,129,1.84%,-2.12%,-1.52%,-25.74%,-25.74%,2.51,0.33%,8.65%,10.96%,3.22,152.53,157.56,51.49,60.00%,60.00%
Maithan Alloys,"1,113.50",0.82%,"1,105.00","37,476","3,215.10",4.49,19.8,"1,264.00",835.25,-5.12%,1.31%,8.52%,17.13%,129.82%,0.86,1.45%,17.79%,21.84%,119.87,"1,110.25","1,043.82",51.58,50.00%,-
Bhagiradha Chemicals & Industries,247.88,0.07%,249.95,"12,221","3,211.90",262.87,-23.88,364.7,239.8,-5.24%,-18.66%,-28.74%,-87.35%,-87.35%,4.7,0.06%,4.40%,4.39%,1.76,258.27,285.75,43.61,50.00%,-
Kiri Industries,545.4,2.10%,529.9,"5,51,188","3,206.40",17.58,-63.79,740,385.55,-9.18%,1.17%,39.65%,10.14%,22.00%,0.99,-,3.98%,8.69%,41.24,565.87,583.55,40.89,62.23%,75.00%
Orissa Minerals Development Comp,"5,422.50",1.51%,"5,322.50","13,874","3,205.00",-78.17,19.8,"8,349.95","4,310.00",-4.14%,11.47%,-31.14%,101.38%,158.09%,-62.04,-,129.21%,-19.39%,4.7,"5,108.33","5,223.80",55.96,50.00%,-
Kewal Kiran Clothing,518,-0.32%,519.65,"19,052","3,202.40",23.68,47.97,645.2,425,-7.11%,-6.13%,-17.26%,4.92%,256.01%,3.63,0.38%,21.76%,19.28%,23.69,537.09,509.99,40.49,50.00%,-
Tourism Finance Corporation of India,69.95,1.36%,69.53,"53,42,685","3,195.00",37.22,-82.98,75.9,24.46,-5.42%,27.25%,120.59%,298.58%,928.68%,3.11,0.87%,9.11%,10.32%,9.23,70.58,48.16,44.19,11.00%,75.00%
Gateway Distriparks,64.54,0.99%,64.15,"5,52,651","3,193.20",8.25,25.16,92.3,56.85,2.51%,-6.67%,-26.53%,-12.25%,-10.79%,1.45,3.13%,13.53%,14.19%,4.8,63.78,65.63,58.68,70.26%,75.00%
Anand Rathi Share & Stock Brokers,513.05,0.82%,508.9,"4,21,612","3,192.10",35.33,10.51,536,431,11.53%,15.15%,15.15%,15.15%,15.15%,2.46,1.94%,-,26.70%,-,-,-,66.29,-,75.00%
TVS Srichakra,"4,107.10",-1.36%,"4,210.00","9,682","3,188.20",118.87,35.77,"4,245.00","2,431.80",10.72%,40.93%,8.74%,64.18%,194.25%,2.68,0.41%,7.53%,5.43%,129.45,"3,436.16","3,055.97",66.78,50.00%,-
Hind Rectifiers,"1,870.40",0.92%,"1,866.30","55,733","3,184.80",73.92,44.1,"2,108.50",799,10.60%,-5.85%,61.19%,684.56%,1437.53%,19.86,0.11%,10.05%,31.83%,14.1,"1,656.92","1,307.98",74.21,50.00%,-
Brigade Hotel Ventures,83.21,-0.67%,84,"1,39,165","3,181.90",78.36,324.15,91.77,77.43,1.04%,0.87%,-2.47%,-2.47%,-2.47%,3.5,-,-,15.70%,-,83.21,-,54.15,-,70.00%
AGI Infra,268.1,3.16%,261.9,"8,26,256","3,175.10",43.94,-6.34,298.8,119,-3.41%,24.30%,116.47%,202.80%,202.80%,10.78,0.04%,27.91%,22.07%,42.64,249.35,196.88,55.24,60.00%,-
BGR Energy Systems,430.1,-1.87%,425,"2,48,856","3,162.80",-2.8,22.37,490.8,34.9,63.56%,323.12%,897.22%,498.19%,1256.78%,-1.96,-,-,35.31%,-,285.92,150.34,68.5,-,-
Patel Engineering,36.93,-1.05%,37.55,"16,44,272","3,151.20",11.48,-6.34,59.55,35.68,-2.66%,0.74%,-26.67%,86.99%,322.54%,0.83,-,6.01%,11.86%,2.69,37.88,41.28,45.01,50.00%,65.00%
Ddev Plastiks Industries,291.3,-3.27%,300,"1,83,995","3,116.20",15.95,25.14,360,212.55,-16.20%,-1.54%,12.06%,12.06%,12.06%,3.73,0.58%,-,31.32%,-,324.85,-,30.35,50.00%,-
Hindware Home Innovation,373.4,0.76%,373.2,"7,99,169","3,099.90",-33.32,42.65,392.7,177.42,8.36%,29.99%,25.41%,11.95%,417.25%,4,-,6.06%,2.31%,5.13,338.84,263.73,61.58,50.00%,-
Deep Industries,502.3,3.93%,488.15,"2,17,187","3,093.10",-55.34,-222.08,624.4,381,-1.03%,-3.24%,4.35%,247.78%,2721.91%,1.7,0.63%,8.20%,-1.36%,20.19,514.04,484.71,55.97,50.00%,70.00%
NOCIL,181.1,-2.08%,177.99,"14,90,756","3,089.00",33.23,25.14,292.15,158.1,0.35%,1.19%,-34.03%,-25.37%,35.10%,1.75,1.08%,7.83%,6.11%,7.55,182.04,189.86,46.88,66.41%,75.00%
Sandhar Technologies,540.5,5.55%,515.7,"1,69,457","3,082.40",21.95,80.72,603,315,18.71%,10.34%,10.04%,133.02%,149.02%,2.71,0.68%,7.95%,15.38%,19.51,478.75,451.45,61.47,50.00%,-
KDDL,"2,545.70",1.75%,"2,500.00","11,975","3,077.00",21.83,25.16,"3,351.00","2,050.00",-4.74%,-4.77%,-0.54%,145.37%,1533.22%,3.44,0.20%,10.96%,12.53%,81.9,"2,530.57","2,661.61",49.01,50.00%,-
Veedol Corporation,"1,759.50",-0.05%,"1,760.40","6,956","3,067.30",16.91,25.14,"2,051.90","1,305.00",-4.68%,5.15%,-7.59%,-14.33%,-14.33%,3.35,2.99%,17.27%,20.88%,85.42,"1,781.91","1,624.29",43.74,50.00%,-
SH Kelkar & Company,224.47,1.51%,223,"2,15,640","3,060.90",16.51,25.14,319.45,156.61,-5.89%,-10.28%,-23.56%,65.29%,168.18%,2.41,0.45%,10.18%,10.57%,8.23,236.68,219.62,46.43,62.89%,70.00%
Krishana Phoschem,502.75,-0.47%,498.1,"1,24,858","3,058.50",26.12,34.91,619,175.15,8.40%,-8.90%,128.07%,177.72%,1407.50%,6.9,0.10%,10.21%,27.68%,7.43,545.53,392.6,40.96,0.00%,-
Ramco Industries,363.3,3.27%,351.7,"2,77,274","3,053.90",14.76,43.77,398.05,215,4.79%,27.65%,48.88%,100.22%,88.24%,0.72,0.28%,1.80%,3.63%,12.15,343.94,278.12,60.14,50.00%,-
Seamec,887,-1.32%,899,"13,608","3,047.10",20.05,25.16,"1,368.80",752.55,-2.25%,11.67%,-32.86%,-17.97%,122.56%,2.26,-,13.22%,10.54%,53.39,905.23,912.5,52.75,50.00%,-
Jash Engineering,473.25,-2.51%,480.6,"68,572","3,046.40",37.36,-43.57,698.95,440.95,-0.50%,-16.73%,-4.20%,195.54%,1110.05%,7.05,0.41%,21.66%,26.00%,56.45,500.64,553.17,40.71,50.00%,70.00%
TCPL Packaging,"3,325.00",0.31%,"3,314.00","1,731","3,016.40",22.54,13.58,"4,900.00","3,000.00",-2.30%,-3.95%,2.91%,190.94%,816.48%,4.68,0.91%,19.28%,23.02%,120.12,"3,400.18","3,688.75",41.7,50.00%,-
Polyplex Corporation,944.3,-1.25%,956.3,"49,580","3,002.10",14.99,13.58,"1,478.70",952,-9.67%,-15.60%,-15.71%,-45.46%,27.69%,0.8,1.43%,10.67%,7.34%,12.05,"1,015.34","1,151.16",32.55,60.00%,75.00%
West Coast Paper Mills,455.55,0.69%,452.45,"24,931","2,988.40",10.89,14.2,638.85,385.1,-9.23%,-12.06%,-19.07%,-21.72%,189.61%,0.86,1.11%,20.63%,10.44%,84.84,480.66,483.16,41.45,50.00%,80.00%
EFC,293.5,-1.99%,301.6,"1,27,303","2,981.10",17.32,-6.34,357,285,-1.54%,-14.89%,-14.89%,-14.89%,-14.89%,5.48,-,-,17.89%,-,311.85,-,40.79,-,-
Carraro,520.1,-0.64%,525,"82,854","2,975.90",33.31,80.72,692.4,253.15,9.20%,3.94%,-18.25%,-18.25%,-18.25%,6.51,0.87%,-,21.59%,-,465.1,428.92,63.63,50.00%,-
Sundrop Brands,782.1,0.04%,789.6,"11,563","2,947.10",-27.75,20.33,"1,152.00",685,-3.41%,-3.71%,-17.50%,-0.04%,7.85%,2.04,-,3.10%,-9.26%,1.83,801.47,826.05,50.25,50.00%,-
Prakash Industries,167.69,2.11%,164.85,"19,73,419","2,940.90",8.27,22.42,190.9,132.51,-1.30%,0.30%,1.55%,224.98%,291.34%,0.89,0.91%,14.12%,14.09%,19.5,163.33,163.45,58.18,50.00%,65.00%
Sagar Cements,225.59,0.28%,226.4,"1,43,101","2,940.40",-17.93,60.26,299.4,168.04,-10.28%,-6.97%,-0.05%,10.99%,56.10%,1.75,-,-2.58%,-3.20%,-,255.33,225.99,32.76,50.00%,-
Ravindra Energy,160.67,-2.42%,167.77,"1,92,167","2,940.10",75.62,34.77,191.77,93.41,-3.08%,14.20%,20.06%,85.98%,85.98%,8.7,-,-,6.29%,-,154.82,133.62,56.52,-,-
Hikal,243.68,2.24%,239,"1,80,325","2,938.90",46.5,60.61,464.75,236.2,-4.08%,-22.57%,-34.19%,-29.06%,45.09%,2.33,0.34%,6.92%,11.44%,5.49,253.09,336.97,44.33,66.39%,75.00%
Sasken Technologies,"1,365.40",-0.65%,"1,379.70","5,834","2,935.30",48.76,19.14,"2,399.80","1,276.00",-1.48%,-7.69%,-21.57%,51.33%,105.77%,2.65,1.81%,10.04%,7.73%,47.2,"1,423.90","1,533.50",40.8,50.00%,-
EMS,522.55,-1.08%,529,"73,528","2,933.40",15.85,-6.34,"1,016.00",517.3,-8.31%,-14.44%,-35.29%,86.69%,86.69%,3.01,0.28%,22.18%,23.98%,30.1,549.34,620.44,37.63,50.00%,65.00%
Imagicaaworld Entertainment,51.78,0.31%,51.95,"3,37,131","2,921.00",52.19,21.92,79.5,50,-4.99%,-18.16%,-31.90%,54.11%,1227.69%,2.42,-,151.87%,5.99%,1.35,55.13,63.27,37.07,50.00%,-
Prabha Energy,219.45,3.13%,216.86,"53,722","2,913.10","-2,130.50",-222.08,315.9,155.04,-2.35%,-17.56%,4.03%,4.03%,4.03%,6.66,-,-,-0.33%,-,226.81,-,51.69,50.00%,-
Thirumalai Chemicals,284.25,0.37%,283.15,"1,83,803","2,899.60",-26.06,25.14,394.95,201.27,-0.23%,0.30%,-6.08%,49.88%,305.49%,2.51,-,-3.38%,0.29%,-,293.59,272.87,48.43,50.00%,75.00%
Jai Corp,169.1,2.38%,165,"33,42,728","2,898.80",18.76,37.5,401.05,81.49,14.63%,52.29%,-47.52%,4.90%,108.12%,2.52,0.30%,3.51%,5.76%,2.33,153.24,120.81,61.01,58.83%,-
Ram Ratna Wires,620.35,0.03%,615.35,"15,564","2,891.50",41.63,19.8,785.95,456.6,-1.27%,-11.07%,4.59%,213.15%,425.59%,5.99,0.38%,12.64%,21.48%,12.88,665.9,613.97,39.61,50.00%,-
Easy Trip Planners,7.91,-0.38%,7.96,"59,55,097","2,887.70",37.86,42.83,19,7.82,-2.83%,-18.62%,-52.44%,-65.82%,21.51%,3.25,-,36.21%,17.18%,1.03,8.31,10.82,39.19,50.00%,70.00%
Muthoot Microfin,171.93,2.13%,166.66,"1,18,445","2,870.20",-8.71,10.51,215,119.25,2.01%,9.97%,-15.26%,-35.40%,-35.40%,1.09,-,16.03%,5.97%,27.4,165.14,150.15,59.77,50.00%,-
Sirca Paints,522.25,0.61%,522.55,"4,20,106","2,845.10",55.58,42.65,523.8,230.69,6.41%,18.37%,46.35%,66.20%,322.36%,6.94,0.28%,16.66%,16.73%,8.89,484.79,368.76,70.16,50.00%,60.00%
Gujarat Industries Power Company,181.9,-0.51%,182.5,"2,22,227","2,837.80",14.13,7.39,268.5,148.1,-1.71%,-7.68%,-12.96%,115.27%,177.08%,0.81,2.23%,9.91%,10.52%,13.81,185.94,189.53,47.23,50.00%,70.00%
Ashiana Housing,284.3,0.76%,284.4,"36,409","2,836.30",77.82,-6.34,395.7,247.8,-5.94%,-11.00%,-7.59%,72.20%,268.26%,3.64,0.53%,3.67%,2.63%,6.67,301.56,308.97,40.77,50.00%,-
HPL Electric & Power,440.6,0.32%,439.95,"61,246","2,824.10",29.59,34.77,639.9,339,-5.99%,-24.65%,-14.79%,347.08%,1482.05%,3.09,0.23%,3.80%,22.47%,8.35,462.34,480.16,42.59,50.00%,60.00%
Bajaj Hindusthan Sugar,22.45,1.63%,22,"70,93,323","2,821.70",-21.5,18.94,35.63,16.5,8.72%,-2.69%,-32.50%,111.79%,393.41%,0.69,-,-1.94%,1.01%,-,21.28,22.74,57.16,50.00%,60.00%
Pokarna,909.25,-0.03%,911.7,"93,962","2,819.80",15.44,25.16,"1,451.65",699.95,16.41%,-0.87%,-13.81%,86.44%,553.43%,3.63,0.07%,12.98%,26.82%,33.94,833.76,"1,009.47",60.52,50.00%,-
Teamlease Services,"1,702.10",1.36%,"1,687.50","10,021","2,815.80",24.27,25.16,"3,103.00","1,641.20",-3.50%,-7.17%,-36.95%,-40.39%,-21.96%,3.11,-,13.60%,11.65%,61.57,"1,806.46","1,968.69",36.4,50.00%,70.00%
Filatex India,64.87,2.30%,63.41,"22,27,194","2,814.50",19.78,4.04,73.39,34,25.06%,16.09%,7.67%,31.77%,379.45%,2.12,0.39%,18.00%,12.49%,2.82,55.29,50.47,71.99,50.00%,60.00%
KP Energy,449.05,7.18%,426,"8,15,761","2,803.10",22.93,22.37,675,336.6,9.10%,-10.54%,-15.98%,-15.98%,-15.98%,9.35,0.14%,-,28.53%,-,417.46,436.24,67.3,50.00%,75.00%
GM Breweries,"1,241.10",1.20%,"1,236.20","10,78,943","2,801.90",19.58,55.81,"1,316.65",579.95,69.28%,79.54%,53.09%,165.15%,312.11%,2.85,0.61%,18.43%,17.08%,68.52,851.75,734.57,70.07,50.00%,-
Sai Silks (Kalamandir),178.3,-2.14%,182.5,"17,30,346","2,794.30",67.87,42.65,223.03,113,-3.11%,-0.29%,-0.09%,-27.19%,-27.19%,3.07,-,24.56%,13.17%,3.55,175.32,153.71,48.15,50.00%,-
Dalmia Bharat Sugar & Industries,329.9,-4.08%,346.4,"62,404","2,783.90",10.32,18.94,477.75,291,-9.59%,-12.87%,-27.82%,0.73%,157.53%,0.92,1.73%,-,11.61%,-,366.35,375.51,33.35,-,-
BF Utilities,731.7,-0.65%,730.15,"10,964","2,774.20",8.26,7.39,"1,080.00",573,-10.02%,-2.71%,-13.71%,87.54%,218.41%,20.98,-,-,25.98%,-,795.06,761.87,35.15,-,-
Vardhman Special Steels,293.1,2.25%,291.95,"1,28,378","2,766.30",29.74,22.42,324,178,-0.24%,10.00%,7.74%,129.52%,714.17%,2.34,0.89%,15.64%,17.47%,11.24,277.68,247.83,53.46,50.00%,-
Shivalik Bimetal Controls,483.95,0.86%,485,"63,525","2,763.80",33.5,19.8,682,342,-7.01%,-8.91%,-23.98%,2.55%,502.90%,6.77,0.57%,29.79%,25.00%,14.03,509.54,494.69,43.27,50.00%,-
Solarworld Energy Solutions,311.05,-2.39%,320,"3,53,043","2,761.80",35.84,22.37,388.5,295.35,-7.00%,-3.85%,-3.85%,-3.85%,-3.85%,3.69,-,-,30.15%,-,-,-,46.92,-,75.00%
Eveready Industries,380.6,0.18%,379.8,"53,084","2,761.40",33.21,10.26,475.2,272.3,0.17%,-6.51%,-2.56%,16.80%,185.09%,6,0.39%,17.27%,19.18%,9.8,406.89,354.01,46.78,50.00%,-
Brightcom Group,13.48,-0.81%,13.45,"48,91,163","2,742.40",3.6,19.14,22,7.69,-3.78%,-12.24%,58.78%,-60.12%,439.20%,0.32,-,-,11.66%,-,14.66,14.11,43.53,-,50.00%
Servotech Renewable  Power,119.28,-1.37%,121.33,"4,13,732","2,731.40",83.41,34.77,196.98,97.55,-5.00%,-10.14%,-35.97%,640.87%,4911.76%,13.03,0.04%,13.47%,19.58%,0.54,126.63,131.39,32.96,50.00%,70.00%
RPSG Ventures,820.45,-0.35%,823.05,"13,356","2,724.20",18.77,19.14,"1,290.00",681,-3.91%,-10.65%,-21.42%,69.81%,274.04%,1.02,-,4.42%,10.04%,-,853.15,879.56,42.1,50.00%,-
IOL Chemicals & Pharmaceuticals,94.48,2.11%,92.59,"13,32,595","2,716.00",25.87,54.8,126.66,57.5,-10.58%,-7.05%,19.49%,26.92%,-27.43%,1.61,0.86%,8.34%,8.62%,20.19,102.46,84.57,41.85,64.84%,75.00%
Savita Oil Technologies,391.75,-0.89%,396.55,"51,975","2,709.90",21.15,22.29,610.6,343.25,-2.68%,-3.15%,-24.92%,30.43%,188.18%,1.64,1.01%,15.58%,10.91%,26.77,403.2,411.35,41.78,50.00%,-
Panacea Biotec,431.85,-1.38%,440,"90,515","2,682.20",240.52,54.8,581.9,281.1,4.00%,4.84%,20.24%,206.39%,152.25%,3.3,-,-,-0.44%,-,425.14,429.31,48.16,50.00%,-
CARYSIL,987.3,5.54%,939.85,"3,86,631","2,660.70",37.3,20.68,989.95,482.3,12.23%,17.73%,24.35%,77.17%,396.13%,5.06,0.26%,17.21%,17.50%,21.88,900.68,769.09,68.3,50.00%,60.00%
Nucleus Software,"1,037.70",2.74%,"1,002.00","30,027","2,659.00",16.12,19.14,"1,378.00",725,3.45%,3.84%,-13.55%,166.69%,89.45%,3.32,1.22%,24.64%,25.25%,62.84,"1,019.30","1,008.20",61.1,50.00%,-
NRB Bearings,281.05,2.65%,273.95,"4,38,059","2,653.70",29.61,28.62,314.6,191.45,-4.32%,-1.35%,6.38%,63.78%,317.61%,2.89,2.48%,14.09%,13.00%,9.74,279.83,259.36,57.72,50.00%,-
Honda India Power Products,"2,622.80",0.38%,"2,613.20","3,151","2,650.20",36.26,34.77,"3,809.75","1,815.00",-4.82%,-9.73%,-29.99%,47.72%,168.52%,3.08,0.82%,11.35%,12.52%,87.21,"2,776.97","2,574.05",34.44,50.00%,-
GRM Overseas,425.2,-1.17%,430,"4,97,889","2,639.70",42.31,20.33,433.6,175.9,14.79%,13.66%,94.69%,15.36%,-10.39%,6.43,-,22.85%,23.72%,10.22,379.97,320.65,67.9,50.00%,70.00%
HMT,56.38,0.55%,57.5,"4,300","2,639.10",-14.06,-43.57,79.8,45,-4.29%,-2.61%,-20.73%,82.76%,297.04%,-1.05,-,2.90%,3.99%,-,58.54,57.76,43.26,-,-
Mahanagar Telephone Nigam,42.51,1.89%,41.8,"34,43,804","2,628.40",-0.75,31.45,61.87,37.42,-2.32%,-6.43%,-11.09%,97.72%,362.07%,-0.1,-,13.98%,14.82%,-,43.51,45.63,48.58,50.00%,70.00%
KCP,201.53,-1.09%,202.81,"1,55,881","2,626.90",9.04,60.26,266.75,167.55,1.74%,-5.15%,-5.08%,65.73%,212.69%,1.72,0.12%,15.52%,12.07%,14.92,200.42,203.54,55.01,50.00%,-
Repco Home Finance,438.15,4.62%,415.3,"3,59,399","2,620.10",5.66,19.62,522.95,310,19.18%,7.10%,-8.11%,101.08%,120.12%,0.77,0.95%,13.22%,10.87%,69.28,378.76,385.52,73.66,66.49%,60.00%
Vikran Engineering,99.83,-1.71%,101.89,"20,78,230","2,619.60",33.63,21.46,116.64,91.7,2.72%,4.30%,4.30%,4.30%,4.30%,2.2,-,-,32.48%,-,-,-,49.92,-,60.00%
Knowledge Marine & Engineering Works,"2,701.20",11.69%,"2,430.50","6,10,014","2,612.20",51.99,25.16,"2,599.90","1,264.05",14.93%,59.40%,27.93%,27.93%,27.93%,12.01,-,-,24.32%,-,"2,206.43","1,783.29",70.77,50.00%,-
JTL Industries,66.25,-0.14%,66.51,"7,23,600","2,607.70",29.86,22.42,112.1,59.77,-7.56%,-5.40%,-34.03%,-12.31%,15.70%,2.42,0.19%,22.14%,11.01%,6.37,72.71,77.45,36.13,50.00%,55.00%
Morepen Laboratories,48.15,1.20%,47.6,"12,06,357","2,607.20",28.01,54.8,91.7,42,-2.19%,-16.72%,-40.01%,73.51%,91.45%,2.26,0.42%,11.40%,12.80%,2.15,49.65,55.83,43.74,50.00%,75.00%
Shalby,244.12,1.17%,241.25,"96,627","2,606.30",-501.56,32.94,274.7,177.25,-8.31%,17.51%,7.84%,70.53%,166.94%,2.62,-,7.30%,7.57%,7.22,236.08,207.91,49.48,50.00%,-
TCI Express,693.15,2.19%,674.5,"21,237","2,606.00",31.34,25.16,"1,000.00",601,-5.28%,1.37%,-28.44%,-61.07%,-11.89%,3.4,1.18%,18.70%,14.86%,31.71,698.81,712.97,52.58,50.00%,-
Venus Pipes & Tubes,"1,270.30",0.02%,"1,270.10","17,544","2,602.70",29.32,22.42,"1,965.00","1,005.30",-3.10%,-8.74%,-32.35%,69.19%,258.49%,4.65,0.08%,13.72%,27.84%,47.36,"1,315.34","1,346.13",40.42,50.00%,70.00%
Prataap Snacks,"1,105.30",1.64%,"1,093.00","94,799","2,599.20",122.35,20.33,"1,295.70",889.2,8.60%,17.58%,2.60%,23.11%,84.49%,3.85,0.19%,3.00%,1.08%,8.55,"1,014.84","1,060.40",68.14,50.00%,-
M & B Engineering,453.7,-0.20%,449.05,"7,71,568","2,598.00",33.7,22.37,494,364,15.92%,11.02%,11.02%,11.02%,11.02%,4.46,-,-,32.94%,-,423.97,-,59.11,-,70.00%
EPack Prefab Technologies,295.6,14.30%,257.4,"2,27,19,839","2,597.90",33.7,22.42,282.77,179.32,52.18%,55.04%,55.04%,55.04%,55.04%,3.77,-,-,21.20%,-,-,-,77.46,-,75.00%
Landmark Cars,625.1,-0.18%,629.5,"38,008","2,594.20",121.87,42.65,703,329.8,-0.29%,27.05%,1.12%,36.37%,36.37%,4.67,0.08%,18.04%,10.44%,12.78,616.57,511.04,52.14,50.00%,-
Saksoft,200.86,2.83%,197.3,"2,69,819","2,589.10",22.45,19.14,253.99,125.03,0.74%,-4.73%,-12.52%,151.96%,637.10%,4.19,0.41%,19.03%,20.76%,9.11,202.49,191.23,58.07,50.00%,-
Indoco Remedies,274.85,-1.54%,282,"83,787","2,575.10",-22.07,54.8,355,190,-5.42%,-9.14%,-10.89%,-23.62%,7.24%,2.51,0.07%,13.83%,-0.50%,7.5,286.5,273.51,40.75,64.99%,-
Xpro,"1,097.50",-0.96%,"1,090.00","11,532","2,574.20",139.57,13.58,"1,677.00",946,-3.00%,-2.53%,-2.82%,50.24%,7700.28%,3.77,0.17%,7.83%,6.74%,21.84,"1,148.46","1,166.88",42.14,50.00%,-
Automotive Axles,"1,681.10",-1.15%,"1,701.00","12,399","2,570.10",16.32,80.72,"1,982.20","1,520.00",-5.03%,-10.70%,-6.58%,-15.53%,135.93%,2.55,1.80%,18.97%,21.38%,107.47,"1,738.05","1,728.91",40.65,50.00%,-
Federal Mogul Goetze,472.3,2.77%,459.5,"50,307","2,556.60",14.38,80.72,622,308,-6.47%,-16.31%,21.43%,48.01%,89.68%,2.02,-,11.26%,17.59%,23.81,517.27,447.14,40.05,50.00%,-
La Opala RG,232.72,1.10%,227.9,"50,922","2,555.10",26.12,25.44,369.8,187.37,-6.46%,-14.74%,-31.09%,-41.59%,13.47%,3.11,3.24%,15.87%,15.88%,11.05,242.01,246.1,44.41,50.00%,-
Alembic,101.95,2.57%,99.5,"3,64,147","2,552.40",8.06,-6.34,153.39,85.46,-1.37%,-10.84%,-22.85%,37.86%,8.34%,1.09,2.41%,4.25%,6.60%,10.91,102.52,106.97,52.03,50.00%,70.00%
Indosolar,579.75,-5.00%,585.2,"45,308","2,538.90",11.9,34.77,725,165.07,-1.13%,86.29%,234.50%,234.50%,234.50%,12.47,-,-,70.92%,-,-,-,65.54,-,-
SMS Pharmaceuticals,281.7,-1.40%,283.95,"90,731","2,532.70",36.65,60.61,315.9,176.05,4.78%,23.89%,-4.70%,218.49%,238.18%,3.9,0.13%,0.84%,13.39%,6.73,268.41,237.63,51.03,50.00%,-
Som Distilleries & Breweries,131.84,1.70%,129.69,"5,55,254","2,527.60",23.89,55.81,173.03,95.61,4.40%,-13.05%,30.12%,198.35%,1323.76%,3.4,-,16.06%,17.34%,4.82,132.22,134.35,52.73,50.00%,65.00%
Krsnaa Diagnostics,790.1,1.73%,770.05,"29,963","2,519.50",31.36,32.94,"1,044.00",625.75,4.10%,-5.93%,-13.65%,64.09%,-19.95%,2.85,0.35%,8.41%,13.04%,18.62,811.74,775.09,45.79,50.00%,70.00%
DCX Systems,225.42,0.07%,225.26,"2,47,453","2,509.10",62.77,44.1,393,200.1,-9.17%,-15.76%,-33.51%,-26.92%,-26.92%,1.83,-,-,5.16%,-,251.55,274.21,31.77,50.00%,75.00%
NITCO Tiles,101.45,-7.06%,109,"42,02,863","2,500.40",-3.83,42.65,163.95,93,-12.07%,-18.89%,-15.04%,326.26%,493.27%,12.9,-,-,-127.70%,-,114.41,123.93,34.76,50.00%,-
Windsor Machines,287.15,-2.00%,294,"25,159","2,475.20",-263.51,-43.57,440.8,199.35,-2.13%,-14.36%,40.71%,597.81%,1929.33%,3.66,-,1.59%,3.41%,-,300.82,321.85,45.86,50.00%,-
Rossell Techsys,643.7,-1.95%,663.05,"40,421","2,474.80",162.35,-43.57,832,231.15,-11.13%,13.99%,21.05%,21.05%,21.05%,18.51,0.03%,-,19.64%,-,699.61,467.32,40.95,-,-
Jindal Poly Films,563.4,-0.06%,562.95,"11,926","2,468.50",-112.95,47.97,"1,150.00",505.55,-0.84%,-0.24%,-24.76%,-34.50%,26.18%,0.61,1.05%,7.58%,5.80%,16.33,573.58,646.27,46.53,50.00%,-
Summit Securities,"2,224.10",-1.54%,"2,278.00","5,684","2,462.50",24.3,10.51,"3,675.00","1,380.00",-2.35%,9.76%,-17.10%,270.56%,460.93%,0.22,-,0.84%,0.88%,70.56,"2,221.82","2,043.05",47.31,50.00%,-
Bhansali Engineering Polymers,98.67,0.23%,98.7,"2,71,342","2,449.80",14.72,22.29,157.68,90,-2.92%,-12.49%,-25.28%,35.41%,84.53%,2.36,4.06%,19.44%,23.90%,7.32,102.73,109.78,43.62,50.00%,65.00%
Hathway Cable & Datacom,13.72,-0.65%,13.81,"12,65,697","2,444.50",25.16,31.45,20.03,11.94,-3.65%,-7.67%,-28.02%,-13.71%,-50.20%,0.55,-,2.31%,2.87%,0.54,14.31,14.55,41.65,67.85%,-
Capacite Infraprojects,287.55,0.28%,286.2,"2,17,365","2,426.00",12.33,-6.34,465,265.1,0.05%,-4.64%,-21.53%,77.99%,120.09%,1.42,-,8.88%,17.52%,14.22,290.75,327.29,54.5,50.00%,70.00%
Aeroflex Industries,189.87,1.46%,189.77,"11,21,949","2,420.00",50.76,22.42,272,148.01,5.76%,-0.17%,-0.14%,16.31%,16.31%,7.09,0.16%,14.24%,20.42%,3.34,178.15,186.52,64.96,50.00%,70.00%
ADF Foods,221.23,0.77%,219.54,"1,01,870","2,411.90",34.38,20.33,353.95,198.12,1.72%,-9.72%,-25.08%,56.91%,172.15%,4.9,0.28%,16.69%,16.85%,6.85,219.79,241.7,56.54,50.00%,-
Hinduja Global Solutions,513.35,-0.73%,515.2,"16,986","2,405.60",-48.49,19.14,791.95,437,1.81%,-12.11%,-32.58%,-57.39%,52.32%,0.31,-,3.31%,3.27%,28.63,514.07,536.46,51.71,50.00%,-
Spectrum Electrical Industries,"1,475.90",-3.38%,"1,536.90","2,617","2,400.40",83.04,34.77,"2,400.00","1,256.20",10.04%,-6.07%,-16.80%,1934.32%,2170.62%,13.47,-,-,19.04%,-,"1,399.47","1,651.14",61.3,60.00%,-
Kalyani Investment Company,"5,261.50",-3.85%,"5,426.00","4,419","2,388.80",37.27,10.51,"7,644.00","3,470.00",-0.13%,9.97%,-16.22%,180.00%,323.53%,0.27,-,-,1.05%,-,"5,123.74","4,796.80",45.85,-,-
Mayur Uniquoters,545.8,0.08%,545.35,"58,825","2,369.70",15.71,30.61,659.55,441,7.39%,4.09%,-8.49%,13.30%,112.79%,2.51,0.91%,13.83%,20.98%,29.42,517.57,528.73,72.34,50.00%,-
Baazar Style Retail,322.8,1.96%,316.6,"1,68,037","2,362.40",137.98,42.65,392,181,-8.83%,15.87%,-6.42%,-19.30%,-19.30%,5.87,-,-,7.31%,-,343.31,291.06,43.98,60.00%,-
Digitide Solutions,157.6,-0.58%,158,"1,25,347","2,361.10",19.51,19.14,279.69,152.71,-11.06%,-26.78%,-32.29%,-32.29%,-32.29%,2.84,-,-,20.43%,-,179.64,-,37.71,60.00%,-
SCI Land & Assets,50.44,-0.43%,50.53,"2,76,465","2,359.70",-12.58,25.16,74.25,42.85,-0.45%,0.90%,-24.15%,13.60%,13.60%,0.78,1.09%,-,2.01%,0.97,50.52,51.23,49.56,60.00%,-
Fino Payments Bank,288.4,1.89%,283.9,"3,09,625","2,355.50",29.39,9.4,394.9,200,0.14%,14.04%,-22.81%,41.10%,-46.98%,3.13,-,11.78%,4.97%,11.03,288.75,265.13,42.54,50.00%,-
Universal Cables,727.35,-0.89%,739,"10,275","2,347.60",21.86,25.97,866.25,407.25,1.73%,1.22%,11.51%,196.33%,459.07%,1.44,0.54%,6.10%,8.76%,25.87,720.29,637.74,55.9,50.00%,-
Ramco Systems,619.75,-0.90%,634.7,"85,890","2,336.50",-172.05,19.14,647.75,270,19.10%,57.98%,59.79%,154.10%,38.18%,7.39,-,-,-5.35%,-,512.99,410.18,64.06,-,-
PTC India Financial Services,36.73,1.07%,36.58,"6,81,999","2,334.10",6.67,10.51,46,29.41,2.06%,-8.34%,-15.52%,169.08%,111.70%,0.78,-,7.20%,10.68%,2.62,36.81,36.61,52.3,50.00%,-
Hi-Tech Pipes,113.6,-0.89%,114.62,"3,70,933","2,328.00",30.78,22.42,195,84.8,-3.27%,26.03%,-38.83%,74.34%,800.87%,1.85,0.02%,9.01%,10.70%,3.61,107.71,104.7,49.73,64.25%,75.00%
EIH Associated Hotels,382.05,0.05%,381.85,"8,964","2,326.90",24.65,324.15,455.7,304,-1.77%,-6.07%,0.53%,64.55%,237.20%,4.34,0.92%,17.51%,21.31%,12.69,390.32,375.82,46.79,50.00%,-
Mold-Tek Packaging,692.55,-0.47%,695.8,"66,423","2,304.50",24.82,13.58,892.9,410,-7.67%,-13.93%,-6.74%,-25.84%,167.96%,4.89,0.63%,13.93%,19.12%,19.15,778.15,643.78,35.74,50.00%,60.00%
NDR Auto Components,955.5,-1.25%,962.8,"9,107","2,301.50",41.56,80.72,"1,220.00",551,-8.11%,-1.84%,23.82%,705.45%,2742.90%,7.61,0.28%,15.27%,21.40%,35.32,"1,031.58",890.56,38.53,0.00%,-
Tasty Bite Eatables,"8,940.00",-0.27%,"9,100.50",468,"2,300.30",61.31,20.33,"12,597.65","7,543.40",0.57%,-17.80%,-24.51%,-25.57%,-12.14%,7.38,0.02%,14.49%,10.77%,64.14,"9,200.79","9,658.98",42.31,50.00%,-
Yatra Online,143.49,-1.86%,145.95,"6,21,788","2,294.30",47.35,42.83,176.66,65.51,-1.31%,40.72%,28.01%,5.58%,5.58%,2.93,-,4.50%,5.50%,-,154.61,106.91,39.53,50.00%,-
Monarch Networth Capital,309.6,0.49%,311.25,"96,309","2,277.10",15.8,10.51,495,294.5,-3.58%,-10.04%,-28.19%,78.46%,292.99%,3.06,0.32%,19.02%,26.32%,43.17,321.32,340.55,41.17,50.00%,60.00%
Steelcast,211.85,-5.80%,223.8,"3,27,795","2,276.00",28.77,21.69,255.8,142.11,-4.98%,2.75%,27.84%,130.22%,252.73%,6.99,0.64%,27.82%,29.04%,33.43,218.9,202.64,41.88,50.00%,-
Sangam,441.75,-1.97%,455,"53,988","2,264.40",114.05,6.93,513,293.15,4.63%,13.33%,15.93%,55.35%,796.04%,2.23,0.45%,14.78%,7.73%,9.38,409.87,404.63,56.27,50.00%,-
Nilkamal,"1,508.10",-0.30%,"1,515.30","2,950","2,257.20",21.67,37.5,"2,020.00","1,494.05",-4.13%,-7.61%,-21.88%,-26.15%,18.69%,1.51,1.33%,8.68%,9.40%,72.45,"1,555.09","1,648.74",33.98,50.00%,-
Systematix Corporate Services,160.34,-2.71%,164.9,"68,340","2,250.30",41.39,10.51,171,126.1,14.72%,14.72%,14.72%,14.72%,14.72%,7.52,0.06%,-,19.76%,-,-,-,67.04,-,-
Uniparts,498.4,-0.02%,499.9,"1,61,320","2,249.90",23.08,-43.57,543.95,296.65,19.11%,42.54%,12.01%,-7.64%,-7.64%,2.54,2.86%,24.67%,12.86%,24.92,441.63,374.63,57.15,50.00%,-
Rane Madras,821.3,1.00%,819,"3,259","2,247.50",90.52,80.72,"1,049.00",575,-2.51%,-2.78%,-12.48%,114.72%,320.10%,3.34,0.58%,1.18%,15.89%,66.4,840.81,790.71,46.42,50.00%,-
Bajel Projects,188.42,-1.55%,192.88,"99,520","2,213.60",170.67,22.37,307.8,146.41,-9.93%,-20.28%,-26.46%,-0.83%,-0.83%,3.32,-,-,11.05%,-,201.79,204.7,34.95,-,-
Associated Alcohols & Breweries,"1,212.80",-0.61%,"1,245.00","3,70,238","2,206.00",26.43,55.81,"1,496.00",834.65,24.36%,16.67%,32.50%,151.18%,396.03%,4.32,0.16%,18.03%,20.30%,30.97,"1,026.93","1,129.23",73.06,50.00%,-
Rane Holdings,"1,540.10",-0.24%,"1,550.00","4,566","2,204.20",8.52,10.51,"1,995.00","1,151.10",-8.95%,1.32%,-17.15%,69.22%,291.14%,1.99,2.46%,12.79%,24.00%,141.5,"1,543.65","1,462.68",48.17,65.95%,-
Wheels,918.75,1.84%,902.15,"1,55,482","2,204.20",17.44,80.72,978.5,543.6,4.78%,22.05%,30.36%,46.95%,133.51%,2.39,1.28%,6.94%,20.67%,31.34,843.1,734.58,54.77,50.00%,-
Oriental Hotels,122.94,-0.32%,124.4,"98,740","2,202.80",44.57,324.15,202,120.35,-10.13%,-12.87%,-30.22%,51.68%,530.46%,3.19,0.41%,8.09%,10.20%,2.29,133.56,143.93,29.9,50.00%,-
Rajratan Global Wire,448.9,4.02%,432.35,"38,12,392","2,191.00",37.42,22.42,549.95,260,40.00%,21.41%,-15.71%,-51.54%,567.31%,3.66,0.46%,14.58%,15.24%,14.7,341.6,376.63,77.8,50.00%,-
India Pesticides,190.28,0.20%,190,"1,80,142","2,187.00",22.16,-23.88,245.84,119.79,-10.34%,-16.14%,-2.05%,-27.25%,-44.55%,2.43,0.40%,7.29%,12.57%,5.56,208.97,182.68,37.65,50.00%,60.00%
Cosmo First,870.65,4.66%,831.9,"1,15,629","2,183.70",15.02,13.58,"1,307.20",525.7,-0.06%,-18.39%,14.69%,10.44%,196.64%,1.49,0.48%,4.62%,9.13%,30.19,913.39,868.48,47.07,50.00%,-
Kernex Microsystems,"1,298.60",-0.23%,"1,308.00","94,815","2,181.40",40.51,44.1,"1,580.00",621.55,15.35%,21.64%,72.70%,272.36%,6698.95%,13.83,-,-,24.33%,-,"1,149.13","1,050.54",59.09,-,-
Stallion India Fluorochemicals,260.65,-4.99%,260.65,"8,49,979","2,176.30",-,25.14,423.8,60,-9.04%,101.03%,106.87%,106.87%,106.87%,-,-,-,16.13%,-,247.41,-,42.38,-,-
SG Finserv,383.2,-1.41%,388.7,"70,762","2,172.60",21.62,10.51,426.15,339.9,4.22%,-3.75%,-3.75%,-3.75%,-3.75%,2.03,-,-,5.92%,-,378.05,-,49.18,-,-
Shringar House of Mangalsutra,232.24,3.09%,226.94,"25,95,699","2,172.30",35.53,39.24,227,177.51,23.26%,25.62%,25.62%,25.62%,25.62%,3.61,-,-,43.80%,-,-,-,76.31,-,75.00%
Veranda Learning Solutions,228.24,-1.64%,232.04,"1,64,286","2,171.90",-23.92,25.16,287.9,185.3,-5.45%,-5.01%,-19.97%,-27.23%,73.90%,2.61,-,-,-9.39%,-,227.41,222.45,46.72,50.00%,-
Solara Active Pharma Sciences,631.9,5.35%,603,"7,08,628","2,168.50",88.51,54.8,882.8,442.8,2.56%,2.56%,-20.72%,58.68%,-37.78%,1.99,-,-,8.96%,-,627.77,568.7,59.93,50.00%,-
Rashi Peripherals,330.25,0.58%,330,"76,507","2,163.80",9.99,42.65,454.25,245.15,4.54%,14.15%,-17.61%,2.72%,2.72%,1.24,0.30%,17.66%,19.70%,20.88,314.54,305.91,52.82,60.00%,-
India Nippon Electricals,989.65,4.14%,950.3,"42,082","2,149.70",24.57,80.72,"1,099.90",545.3,-5.39%,23.41%,42.44%,130.90%,199.85%,3.02,1.32%,8.61%,13.68%,30.14,945.2,738.62,51.41,50.00%,-
Simplex Infrastructures,287.45,6.03%,272.5,"1,28,731","2,144.30",80.78,-6.34,352,219,0.98%,-3.86%,1.50%,444.93%,882.74%,2.47,-,-,1.62%,-,289.46,286.54,56.37,50.00%,-
Mangalam Cement,761.35,-1.99%,776.8,"27,411","2,136.00",35.51,36.01,"1,019.00",665,0.94%,6.86%,-9.75%,104.99%,285.59%,2.51,0.19%,7.36%,10.99%,22.58,747.21,769.98,50.97,50.00%,-
Venkys,"1,528.50",1.05%,"1,505.00","26,133","2,130.90",37.25,25.16,"2,026.60","1,392.60",2.03%,1.87%,-16.00%,-21.83%,5.49%,1.45,0.66%,5.43%,11.63%,95.72,"1,487.88","1,597.25",60.68,50.00%,75.00%
UGRO Capital,181.52,-0.46%,181.8,"1,36,845","2,130.10",17.9,10.51,254.54,142.31,-3.82%,5.35%,-24.01%,4.73%,61.81%,1.05,-,8.30%,9.51%,13.4,176.51,175.86,55.77,50.00%,-
Sula Vineyards,255.2,1.29%,251.9,"2,68,756","2,127.20",37.03,55.81,456,243,-3.28%,-9.29%,-39.24%,-22.95%,-22.95%,3.63,1.43%,16.97%,16.92%,11.17,262,288.82,47.89,69.67%,75.00%
Genesys International Corp,509.25,0.23%,508.9,"77,071","2,119.70",36.68,19.14,"1,055.00",463.85,2.38%,-13.17%,-33.74%,-2.44%,930.87%,3.18,-,3.66%,15.53%,5.57,547.6,666.28,43.62,50.00%,60.00%
Insecticides,720.9,-0.19%,725,"14,566","2,101.60",13.83,-23.88,"1,098.00",542.55,-3.64%,-30.97%,-17.14%,-2.15%,139.56%,1.92,0.28%,10.10%,17.81%,41.3,765.08,759.43,39.15,50.00%,-
Amrutanjan Health Care,717.35,-0.93%,720.6,"8,726","2,093.40",38.43,26.33,842.9,544.1,-0.53%,6.59%,-3.83%,-2.23%,72.03%,6.41,0.63%,18.92%,29.24%,15.56,728.44,688.34,47.04,50.00%,-
Ideaforge Technology,482.5,-0.04%,483.05,"1,26,288","2,086.00",-22.47,-43.57,661.25,304.2,-5.39%,11.39%,-14.68%,-62.74%,-62.74%,3.43,-,6.85%,-9.76%,6.34,497.22,475.11,46.54,50.00%,60.00%
Delta Corp,76.95,-1.04%,77.76,"7,24,390","2,082.20",8.16,21.92,131.45,76.66,-6.06%,-10.38%,-32.82%,-65.41%,-31.78%,0.91,1.61%,9.72%,14.69%,5.9,82,89.11,35.68,67.77%,75.00%
Dredging Corporation of India,889.35,20.00%,780,"31,13,281","2,075.20",-107.05,25.16,"1,085.00",495,38.98%,33.50%,-12.85%,145.51%,278.21%,1.7,-,-,0.63%,-,643.18,653.77,82.21,60.00%,-
Accelya Solutions,"1,391.20",0.17%,"1,385.00","8,059","2,073.10",16.08,19.14,"1,639.90","1,218.50",-7.25%,-0.73%,-13.67%,5.78%,64.48%,7.47,6.48%,46.93%,51.92%,78.22,"1,448.25","1,394.41",29.5,50.00%,-
Geojit Financial Services,72.94,-1.45%,74,"2,49,745","2,065.80",17,10.51,137.8,60.73,-8.02%,-0.36%,-42.54%,72.19%,102.27%,1.77,2.03%,15.71%,19.06%,7.04,76.37,79.43,35.97,50.00%,-
Meghmani Organics,78.56,-3.10%,81.07,"7,91,277","2,061.70",109.55,-23.88,107.5,56.11,-7.04%,-14.77%,-21.71%,-29.89%,-11.98%,1.36,-,-6.94%,4.17%,-,82.27,80.87,38.29,64.95%,75.00%
Mukand,140.63,-1.05%,141.3,"2,43,334","2,053.60",25.5,22.42,162,84.4,-1.32%,1.56%,-1.95%,33.62%,193.28%,2.17,1.41%,11.15%,22.06%,6.65,134.48,119.81,58.24,50.00%,-
One Mobikwik Systems,264.3,1.01%,262,"11,45,235","2,044.90",-13.13,25.16,698.3,219.2,-7.59%,9.61%,-49.94%,-49.94%,-49.94%,3.97,-,-,-15.20%,-,272.82,288.67,46.16,60.00%,70.00%
GE Power,304.75,0.30%,303.85,"1,43,181","2,042.70",8.27,22.37,457,205.25,-8.47%,-2.60%,-19.07%,118.62%,64.11%,6.46,-,-,-0.53%,-,337.73,292.69,36.29,50.00%,60.00%
RM Drip & Sprinklers System,80.25,-1.77%,82.65,"3,34,420","2,040.90",73.56,37.5,621.9,28.54,5.61%,16.46%,170.66%,400.00%,44.86%,25.49,-,-,33.71%,-,74.71,56.36,65.6,-,-
Dollar Industries,354.1,-1.12%,355.15,"39,461","2,031.00",20.71,47.97,560,349.95,-5.00%,-5.96%,-29.50%,-28.84%,160.37%,2.37,0.84%,11.66%,16.68%,16.04,363.47,386.06,37.32,50.00%,-
Hindustan Oil Exploration,151.55,-0.97%,153.04,"2,71,402","2,024.60",13.57,-222.08,218.8,147.84,-12.22%,-6.96%,-25.29%,-0.36%,140.75%,1.53,-,20.49%,10.59%,13.24,167.79,175.73,30.34,50.00%,70.00%
TIL,301.8,-0.54%,308.95,"19,251","2,021.00",-875.57,-43.57,409,165.4,-9.34%,-9.63%,-4.04%,193.29%,137.64%,24.78,-,-,12.64%,-,310.35,287.35,41.44,-,-
Wonder Electricals,151.15,0.39%,150.57,"59,714","2,017.80",106.02,34.77,200,120.95,16.22%,-6.52%,-1.90%,617.37%,5279.00%,92.36,0.13%,10.55%,27.61%,8.36,142.25,163.65,59.36,50.00%,-
Garuda Construction & Engineering,214.09,-1.18%,217,"12,87,590","2,015.70",23.44,22.37,230.7,77.05,12.80%,14.82%,141.47%,101.29%,101.29%,5.21,0.01%,-,20.41%,-,200.39,143.53,59.12,50.00%,70.00%
Antelopus Selan Energy,575.4,0.55%,580.8,"18,289","2,012.20",30.61,-222.08,968.65,475.85,3.23%,-1.38%,-39.20%,81.86%,472.82%,4.12,-,8.57%,18.03%,30.19,549.57,596.06,62.56,60.00%,-
Sri Adhikari Bros. Tele Network,780,-1.56%,795.5,"1,260","2,010.40",-83.07,12.08,"2,219.95",352.6,-11.34%,-28.12%,-43.50%,1701.39%,1701.39%,-182.61,-,-,244.33%,-,945.23,759.06,23.78,-,-
Pix Transmissions,"1,464.30",-0.61%,"1,465.20","6,307","2,007.40",17.69,25.16,"2,799.95","1,220.10",-0.92%,-3.76%,-8.79%,62.57%,45.25%,3.36,0.61%,16.84%,23.58%,69.41,"1,436.80","1,585.75",53.95,50.00%,-
Windlas Biotech,958.45,1.37%,955,"63,868","1,992.90",30.47,26.33,"1,198.25",665.1,1.95%,-3.33%,-7.32%,303.73%,135.40%,3.93,0.61%,10.60%,16.47%,28.52,955.78,944.79,56.54,50.00%,-
NELCO,870.05,-0.24%,868,"61,800","1,990.00",463.99,31.45,"1,502.75",706.95,-4.02%,-2.09%,-3.07%,6.53%,378.05%,15.56,0.11%,19.15%,18.66%,9.86,853.88,900.26,51.75,50.00%,65.00%
All Time Plastics,300.75,-0.66%,299.75,"1,26,583","1,983.20",41.86,37.5,334.9,256.8,10.43%,6.16%,6.16%,6.16%,6.16%,3.31,-,-,20.98%,-,286.17,-,63.65,-,70.00%
Mufin Green Finance,119.57,1.56%,123,"1,19,70,161","1,981.60",113.62,10.51,130,63.11,35.14%,37.04%,4.58%,-11.10%,-11.10%,6.76,-,5.28%,11.68%,1.11,91.08,83.57,82.14,60.00%,-
Thejo Engineering,"1,819.90",1.14%,"1,799.10","1,572","1,951.70",37.2,-43.57,"2,485.80","1,446.00",-0.93%,-21.16%,-18.81%,56.85%,309.58%,6.55,0.28%,21.79%,21.08%,48.48,"1,850.67","1,877.13",49.24,50.00%,-
Dynamic Cables,401.7,0.04%,404,"2,11,024","1,945.90",25.24,25.97,547.5,227.5,-0.63%,-2.33%,0.91%,351.09%,488.14%,4.75,0.06%,17.65%,26.48%,15.68,418.14,388.21,45.58,50.00%,-
Exicom Tele-Systems,137.35,-1.02%,138.76,"1,90,989","1,929.90",-9.13,34.77,360.92,125.47,-7.01%,-6.07%,-57.09%,-36.56%,-36.56%,2.21,-,-,-5.57%,-,144.61,165.22,37.75,60.00%,-
Orient Technologies,471.95,1.99%,462.75,"5,63,331","1,927.00",37.7,19.14,674.85,294.2,11.01%,47.72%,49.66%,56.07%,56.07%,5.85,0.39%,-,20.41%,-,387.57,371.22,60.11,60.00%,-
Yasho Industries,"1,669.70",5.00%,"1,600.00","20,640","1,917.30",156.59,25.14,"2,343.85","1,550.00",1.27%,-9.95%,-10.81%,-6.81%,-6.81%,4.56,0.03%,19.66%,8.84%,35.69,"1,687.32","1,831.35",57.64,50.00%,-
MSP Steel & Power,33.52,0.06%,33.12,"1,56,748","1,898.80",-108.16,22.42,49.62,21.6,-13.99%,1.27%,-29.51%,262.38%,458.67%,2.14,-,-,8.37%,-,35,30.81,40.77,50.00%,-
Divgi Torqtransfer Systems,624.1,0.77%,625,"15,709","1,894.20",69.49,80.72,712,410.1,-7.58%,2.63%,-3.96%,3.12%,3.12%,3.19,0.42%,6.85%,5.53%,11.53,653.07,573.2,41.9,50.00%,-
Indian Hume Pipe,364.75,1.87%,359.5,"17,747","1,886.30",3.43,-6.34,479,281.05,-2.46%,-12.59%,-16.73%,115.06%,135.55%,1.37,1.62%,9.36%,49.91%,19.03,369.62,379.79,52.35,50.00%,-
Somany Ceramics,457.95,-0.21%,460.9,"11,760","1,882.10",35.54,20.68,737,395.25,-1.14%,-12.70%,-29.65%,-15.18%,123.77%,2.44,0.65%,11.93%,12.15%,22.32,465.47,486.13,49.32,50.00%,-
Beta Drugs,"1,816.60",-2.07%,"1,840.00","1,995","1,872.50",44.15,60.61,"2,326.00","1,501.00",-0.73%,6.24%,-8.31%,151.10%,1487.94%,9.5,-,25.00%,19.18%,37.9,"1,830.49","1,788.15",50.24,-,-
Nitin Spinners,330.4,-0.56%,332.25,"29,825","1,867.90",10.69,23.33,494.35,290.5,1.82%,-8.72%,-20.83%,59.57%,554.26%,1.42,0.91%,16.02%,15.77%,25.74,333.79,360.44,49.98,50.00%,-
DCW,62.82,-0.70%,63.1,"5,87,719","1,867.20",53.65,22.29,113,62.5,-9.94%,-17.28%,-39.50%,40.38%,40.38%,1.81,0.16%,-1.06%,1.09%,0.46,70.41,76.41,34.27,63.22%,75.00%
Ador Welding,"1,085.20",1.26%,"1,071.70","16,423","1,865.10",34.45,16.28,"1,331.00",788,6.00%,10.03%,-17.50%,21.62%,357.41%,3.82,1.85%,16.01%,17.51%,36.6,"1,020.86",977.89,50.76,68.34%,-
Rhetan TMT,23.46,0.64%,23.3,"9,16,828","1,857.50",389.33,22.42,23.7,20.32,7.91%,10.19%,10.19%,10.19%,10.19%,19.93,-,-,4.86%,-,-,-,71.21,-,-
GTL Infrastructure,1.45,-,1.45,"1,50,23,274","1,857.30",-2.06,21.46,2.49,1.28,-3.33%,-5.23%,-31.28%,11.54%,141.67%,-0.3,-,21.15%,8.82%,-,1.49,1.58,42.93,-,-
SP Apparels,709.4,-4.08%,739.55,"24,699","1,855.70",18.97,47.97,995,628,-2.89%,-9.17%,-23.70%,88.24%,437.83%,2.17,-,12.37%,16.54%,36.96,725.02,779.19,46.27,50.00%,-
Southern Petrochemical Industries,92.03,1.30%,90.85,"5,19,072","1,850.10",11.6,34.91,128.2,66.22,-3.30%,-0.81%,18.46%,51.24%,435.06%,1.55,2.20%,30.51%,21.00%,8.47,99.78,87.62,46.96,50.00%,70.00%
Huhtamaki PPL,246.58,0.83%,245.5,"2,53,129","1,846.80",18.6,13.58,316,170.56,3.60%,13.45%,-14.08%,13.01%,-10.80%,1.51,0.82%,12.25%,13.88%,14.49,237.41,215.68,50.03,66.69%,-
Apcotex Industries,351.2,-1.04%,356.25,"10,962","1,840.00",31.42,25.16,444,286.95,-7.32%,-17.59%,-10.12%,-31.35%,141.29%,3.32,1.84%,20.58%,20.10%,10.91,383.77,363.98,36.65,50.00%,-
Fusion Finance,187.23,2.83%,183,"5,77,793","1,839.30",-1.43,10.51,225.61,123.96,-3.08%,16.76%,-11.03%,-40.47%,-40.47%,1.12,-,16.67%,-3.59%,34.7,182.68,170.78,53.99,50.00%,60.00%
Unitech Group,7.24,4.17%,6.95,"1,96,72,017","1,818.30",-0.67,-6.34,11.99,5.5,-4.23%,1.97%,-28.53%,291.35%,436.30%,-0.27,-,-,4.72%,-,7.13,7.36,53.39,-,-
Spandana Sphoorty Financial,249,-2.01%,251.55,"1,22,415","1,811.90",-1.25,10.51,494.18,183.54,-5.47%,-2.35%,-34.88%,-57.67%,-51.87%,0.69,-,13.74%,-5.39%,61.28,254.23,265.97,46.48,50.00%,70.00%
Talbros Automotive Components,294.75,0.60%,291.3,"1,02,033","1,808.60",18.83,80.72,352.7,200.2,-1.06%,2.45%,-3.50%,202.28%,1144.20%,2.86,0.24%,15.12%,19.51%,13.52,289.35,274.98,51.09,50.00%,-
Arihant Superstructures,404.15,-2.87%,414.6,"35,757","1,799.60",26.22,-6.34,553.6,322.9,2.32%,-6.78%,17.04%,80.55%,1843.03%,5.33,0.34%,20.38%,9.86%,12.4,408.75,408.62,40.52,50.00%,-
Indo Rama Synthetics,73.88,7.34%,68.9,"22,03,378","1,797.20",24.52,4.04,74.25,32,18.51%,48.00%,74.33%,30.65%,213.05%,4.89,-,-,20.28%,-,57.93,46.75,73.9,-,-
BF Investment,470.7,-0.88%,474.8,"21,624","1,788.80",22.87,10.51,829,406,-2.95%,-0.58%,-27.97%,66.00%,79.25%,0.26,-,6.99%,3.98%,115.17,471.9,490.99,43.38,50.00%,-
SEPC,11,-2.14%,11.25,"51,22,541","1,787.30",53.62,22.37,26.68,10.9,-9.54%,-7.25%,-55.38%,57.37%,245.91%,1.23,-,-0.45%,4.38%,0.15,11.82,13.4,33.44,50.00%,-
Indo Tech Transformers,"1,704.60",1.36%,"1,689.90","8,276","1,786.10",23.17,34.77,"3,771.95","1,525.00",-5.67%,3.67%,-26.91%,675.35%,1834.85%,6.37,-,-,30.43%,-,"1,767.24","2,087.53",45.19,11.00%,-
IFGL Refractories,250.44,1.23%,246.5,"40,080","1,783.20",61.26,35.82,338,163.03,-12.17%,5.62%,-11.80%,101.00%,253.48%,1.61,1.41%,7.62%,6.10%,21.29,256.59,228.06,44.3,50.00%,-
DEE Development Engineers,258.75,0.33%,259,"2,61,705","1,782.80",33.29,22.42,360,167,-5.17%,-4.71%,-3.18%,-22.83%,-22.83%,2.23,-,3.06%,10.51%,3.8,273.44,266.08,41.93,60.00%,-
Navkar Corporation,119.03,0.63%,118.76,"2,34,398","1,780.50",-76.85,25.16,176.43,80.54,-4.78%,-5.73%,-8.77%,109.38%,378.99%,0.92,-,5.91%,7.11%,-,122,114.74,45.05,50.00%,-
Salasar Techno Engineering,10.42,1.26%,10.3,"1,70,31,531","1,776.80",73.57,22.42,20.2,6.91,16.69%,46.76%,-39.98%,85.08%,413.30%,2.26,-,10.04%,11.00%,0.31,9.01,9.08,64.4,50.00%,-
Solex Energy,"1,723.20",5.00%,"1,675.00","40,425","1,772.90",41.43,34.77,"1,826.35",630.9,1.32%,28.60%,12.01%,444.45%,5285.00%,11.04,0.03%,-,28.86%,-,"1,479.57","1,168.26",67.06,-,-
Precision Camshafts,186.2,-0.24%,186.64,"1,31,737","1,772.80",28.97,80.72,382.8,145,-8.12%,4.34%,-39.21%,73.61%,468.55%,2.24,0.54%,5.39%,10.98%,3.73,196.55,202.46,42.09,50.00%,-
Sumeet Industries,34.08,1.31%,33.6,"1,49,751","1,770.60",9.46,4.04,181.7,10.66,-10.46%,-72.35%,204.56%,3026.61%,7825.58%,11.25,-,-,70.33%,-,30.73,12.89,50.22,-,-
GOCL Corporation,355,0.27%,356,"42,057","1,755.10",1.31,25.14,443.2,245,-1.70%,0.85%,-12.93%,34.37%,101.93%,1.12,2.82%,14.98%,8.43%,15.79,359.66,335.88,47.93,50.00%,-
NIBE,"1,191.90",-1.36%,"1,230.00","32,513","1,752.20",85.02,-43.57,"2,001.00",761.5,-18.59%,-25.80%,-25.17%,-25.17%,-25.17%,7.23,0.10%,-,15.44%,-,"1,285.34",-,32.58,0.00%,-
Satin Creditcare,154.03,-1.65%,156.61,"2,93,422","1,730.10",12.87,10.51,175.9,131.8,1.58%,6.17%,-4.07%,4.29%,192.55%,0.68,-,18.16%,12.80%,41.04,146.4,151.24,60.07,50.00%,-
Sanstar,95.12,0.21%,95.24,"1,05,777","1,729.90",25.94,25.16,137.8,80,-0.22%,7.25%,-20.21%,-17.34%,-17.34%,2.82,-,26.31%,31.75%,3.62,92.58,94.35,49.98,60.00%,-
Wendt,"8,545.50",-1.13%,"8,644.00","8,480","1,728.70",62.62,-245.26,"18,033.65","8,162.00",-6.36%,-14.96%,-43.41%,11.23%,186.19%,7.09,0.58%,19.31%,20.87%,198.05,"9,308.37","9,924.21",34.15,50.00%,-
Tinna Rubber and Infrastructure,945.15,-1.41%,958.65,"25,841","1,727.10",39.54,25.16,"1,088.85",795,-3.56%,0.81%,-7.44%,-7.44%,-7.44%,6.73,0.40%,-,29.11%,-,914.05,-,45.2,50.00%,-
Laxmi Dental,325.2,3.50%,312.7,"1,26,570","1,726.90",74.15,32.94,584,302,-1.41%,-23.41%,-40.93%,-40.93%,-40.93%,8.29,-,-,16.33%,-,327.04,-,52.91,65.00%,-
DAM Capital Advisors,247.65,1.41%,244.88,"2,46,309","1,726.20",21.09,10.51,456.9,195.55,3.34%,12.64%,-40.34%,-40.34%,-40.34%,6.55,0.41%,-,52.07%,-,238.92,245,51.42,65.00%,70.00%
Quick Heal Technologies,325.3,2.46%,318.5,"1,98,456","1,719.10","-2,270.00",19.14,707,245,5.41%,2.09%,-45.89%,76.65%,103.06%,3.86,-,1.52%,0.27%,7.66,315.72,337.94,53.23,59.23%,-
Shanti Gold International,245.6,3.11%,244.75,"18,43,441","1,717.30",24,39.24,274.1,195.42,15.04%,8.08%,7.07%,7.07%,7.07%,3.35,-,-,49.51%,-,220.15,-,72.54,-,70.00%
Arman Financial Services,"1,650.60",1.18%,"1,620.00","20,334","1,715.00",277.06,10.51,"1,834.60","1,109.95",9.41%,1.48%,11.85%,5.43%,185.13%,1.96,-,25.65%,15.05%,165.64,"1,520.87","1,497.35",57.48,50.00%,-
TAC Infosec,856.85,5.00%,843,"54,400","1,710.40",115.42,19.14,"1,697.00",680,-25.08%,-5.15%,17.58%,181.40%,181.40%,30.96,-,-,28.68%,-,617.48,593.55,72.13,-,-
Vidhi Specialty Food Ingredients,335.8,-0.64%,335.1,"6,091","1,687.90",35.13,-63.79,569.15,328,-6.68%,-15.70%,-28.59%,-13.16%,151.44%,5.56,1.05%,15.04%,20.18%,7.31,363.9,418.34,32.29,50.00%,-
JG Chemicals,420.65,-1.87%,431,"93,157","1,679.70",25.05,25.14,558,280.45,-0.48%,-14.00%,18.33%,127.62%,127.62%,3.62,0.23%,26.60%,19.08%,11.24,444.91,395.42,43.62,60.00%,-
Sanghi Industries,66.4,2.12%,65.1,"7,51,133","1,679.60",-3.48,36.01,90.99,50.58,1.81%,-2.60%,-24.55%,16.59%,120.60%,2.75,-,-40.40%,-7.22%,-,64.6,61.91,60.42,50.00%,-
Jindal Drilling & Industries,588.25,2.24%,571.95,"1,21,885","1,667.40",7,-222.08,990.35,528,-1.03%,-3.74%,-17.11%,83.91%,739.16%,1.05,0.17%,3.75%,15.00%,28.61,593.87,693.72,55.4,50.00%,70.00%
TTK Healthcare,"1,175.40",-0.22%,"1,196.00","2,045","1,664.60",25.05,58.25,"1,594.95","1,101.05",2.16%,-3.43%,-23.62%,31.73%,174.11%,1.54,0.85%,6.28%,10.43%,44.94,"1,161.59","1,220.42",53.35,50.00%,-
Motisons Jewellers,16.6,-1.54%,16.86,"18,54,749","1,659.80",36.7,39.24,33.8,15.4,-10.03%,-20.80%,-43.36%,60.23%,60.23%,4.48,-,-,15.93%,-,18.3,19.43,30.37,50.00%,-
Bliss GVS Pharma,155.26,-1.02%,156.09,"1,09,397","1,656.60",14.7,26.33,190.97,108.12,2.56%,-13.64%,25.15%,107.57%,-7.64%,1.58,0.32%,8.13%,11.85%,9.74,154.19,144.04,52.59,50.00%,-
Suraksha Diagnostic,316.75,-0.38%,315.15,"17,746","1,655.90",50.93,32.94,449,231,5.87%,7.01%,-24.09%,-24.09%,-24.09%,7.84,-,-,17.12%,-,307.33,308,58.53,65.00%,-
PNB Gilts,90.76,-1.34%,91.69,"2,40,862","1,655.90",9.22,10.51,125.25,74.25,-9.12%,-15.53%,-24.16%,49.15%,111.07%,1.01,1.09%,-6.13%,6.78%,3.51,97.66,95.91,40.33,50.00%,60.00%
Danish Power,858,2.10%,826.05,"22,650","1,654.80",28.73,34.77,"1,316.00",650,1.94%,-9.60%,17.96%,43.36%,43.36%,5.17,-,-,25.92%,-,867.33,909.79,52.07,-,-
SPML Infra,232.37,0.87%,228.2,"1,14,755","1,651.50",35.35,-6.34,323.4,136.3,-4.91%,-18.52%,7.42%,691.72%,2716.61%,2.3,-,-,6.94%,-,254.36,219.65,46.15,50.00%,-
Orient Green Power,14.34,2.14%,14.29,"58,39,522","1,646.90",28.63,7.39,19.7,10.96,7.82%,4.75%,-23.44%,77.92%,701.12%,1.53,-,4.91%,7.00%,0.25,13.61,13.57,68.21,50.00%,-
Everest Kanto Cylinder,144.49,-1.28%,146.9,"1,60,014","1,642.30",13.54,13.58,231.57,103,-0.09%,10.45%,-20.14%,30.88%,403.45%,1.36,0.48%,8.87%,10.78%,9.56,142.74,135.84,49.77,50.00%,-
Aimtron Electronics,880.45,9.76%,819,"1,57,200","1,637.50",63.87,44.1,838.85,358,25.28%,19.98%,89.49%,247.94%,247.94%,10.57,-,-,20.74%,-,718.37,598.83,74.62,-,-
JNK India,287.85,-1.59%,292.5,"42,978","1,636.70",65.73,-43.57,710,264.8,3.67%,-14.19%,-55.11%,-58.56%,-58.56%,3.25,0.10%,-,11.24%,-,295.41,354.57,43.73,50.00%,-
Panama Petrochem,271.45,1.31%,267,"70,839","1,620.90",9.04,22.29,416.2,266.4,-4.32%,-22.47%,-26.74%,-9.65%,423.53%,1.29,1.12%,17.70%,18.99%,32.97,290.1,344.12,39.51,67.60%,-
Suryoday Small Finance Bank,154.82,1.53%,153.25,"5,26,308","1,620.70",20.19,9.4,162.95,97.97,1.86%,22.47%,3.88%,60.69%,-44.27%,0.83,-,4.90%,6.35%,22.44,137.71,129.21,61.78,65.09%,-
Vindhya Telelinks,"1,387.70",1.60%,"1,376.00","7,178","1,618.60",6.97,-6.34,"2,286.00","1,160.30",-3.57%,-10.53%,-30.35%,2.65%,100.75%,0.42,1.17%,7.11%,7.17%,213.76,"1,447.15","1,519.16",44.23,50.00%,-
D-Link,452.5,-0.53%,454,"42,550","1,615.10",15.41,42.65,645.1,349.45,-7.16%,-12.29%,-18.23%,72.12%,336.35%,3.4,4.39%,21.29%,29.43%,26.84,476.86,478.18,37.02,50.00%,-
IKIO Technologies,211.67,1.51%,207.26,"49,657","1,611.50",72.02,34.77,304,166,-2.69%,7.53%,-22.01%,-52.48%,-52.48%,2.88,-,10.96%,8.59%,7.65,213.81,216.36,50.79,50.00%,-
Seshasayee Paper & Boards,259.85,1.74%,255.4,"17,640","1,610.80",19.84,14.2,335.25,248.35,-1.42%,-3.38%,-14.72%,-15.23%,101.04%,0.8,0.93%,14.17%,6.53%,37.42,261.82,277.01,53.79,50.00%,-
Shriram Properties,95.4,1.44%,94,"11,27,485","1,602.20",19.95,-6.34,119.72,63.13,5.64%,3.17%,-9.15%,29.18%,-4.22%,1.18,-,5.69%,13.50%,4.43,90.79,87.13,62.3,50.00%,70.00%
Rama Steel Tubes,10.12,-1.08%,10.27,"52,42,584","1,594.10",78.92,22.42,14.9,8.5,-1.08%,-8.42%,-24.02%,0.10%,1615.25%,3.67,-,10.41%,10.61%,0.2,10.16,10.84,50.86,50.00%,60.00%
Finkurve Financial Services,112.21,-1.20%,112.98,"2,675","1,590.20",73.13,10.51,134.9,105,-10.57%,-1.63%,-1.63%,-1.63%,-1.63%,9.23,-,-,16.39%,-,-,-,68.7,-,-
Igarashi Motors,501.7,-0.57%,503,"20,570","1,588.20",85.81,34.77,848.95,401.05,-3.89%,-14.64%,-29.81%,24.69%,84.28%,3.41,0.50%,2.14%,8.99%,5.18,505.53,527.33,44.95,50.00%,-
BLS E-Services,199.85,14.44%,174.5,"1,31,71,050","1,586.60",24.74,19.14,249,131.31,7.00%,3.89%,-6.73%,-45.40%,-45.40%,3.26,0.58%,-,15.26%,-,181.57,178.79,65.02,-,-
Updater Services,233.65,-1.23%,238.95,"1,99,495","1,583.90",12.95,25.16,438.6,219.33,-9.73%,-20.13%,-43.43%,-17.70%,-17.70%,1.65,-,7.83%,14.15%,12.24,246.44,287.32,42.73,50.00%,-
Jagran Prakashan,72.51,-0.23%,72.55,"82,719","1,581.90",13.22,12.08,90.51,65.01,0.54%,-2.55%,-18.32%,-0.40%,91.83%,0.81,8.25%,10.19%,7.12%,8.28,71.85,72.72,54.27,50.00%,-
Den Networks,33.6,1.48%,33.4,"2,68,626","1,580.10",8.33,12.08,49.44,28.14,-4.63%,-12.55%,-29.02%,2.44%,-51.83%,0.43,-,7.26%,6.78%,4.56,34.74,35.33,47.16,50.00%,-
Stanley Lifestyles,278.1,0.71%,276.15,"24,725","1,577.50",47.54,25.16,493.95,258.6,-6.94%,-13.16%,-41.62%,-41.42%,-41.42%,3.4,-,15.63%,8.45%,5.28,295.61,320.37,32.61,60.00%,-
Expleo Solutions,"1,013.00",-0.15%,"1,018.00","2,114","1,574.60",15.83,19.14,"1,567.45",735.35,0.88%,-13.84%,-17.47%,-19.87%,98.08%,2.48,4.91%,14.80%,20.76%,60.67,"1,014.38","1,051.97",49.15,50.00%,-
Rishabh Instruments,403.6,-1.49%,405,"26,271","1,573.60",42.32,34.77,490,201.5,-2.26%,42.36%,14.76%,-8.92%,-8.92%,2.61,-,-,5.04%,-,412.63,307.61,52.83,-,-
HMA Agro Industries,31.54,0.38%,31.55,"4,78,412","1,573.40",18.02,20.33,49.1,27.75,1.55%,1.61%,-35.72%,-46.15%,-46.15%,2,0.95%,24.97%,17.71%,2.01,30.93,32.49,60.51,50.00%,-
Rajoo Engineers,87.66,-0.11%,89.48,"5,55,885","1,568.10",29.22,-43.57,145.88,79.97,1.66%,-18.05%,-34.00%,-34.00%,-34.00%,4.8,0.16%,-,28.52%,-,92.92,-,46.27,36.00%,-
Rupa & Company,192.88,-1.68%,196.17,"93,996","1,560.00",19.93,47.97,291.8,173.55,-7.14%,-6.98%,-26.30%,-37.97%,2.22%,1.53,1.53%,5.89%,12.74%,9.9,199.51,205.09,36.68,50.00%,-
Megasoft,221.9,5.00%,219.8,"1,52,025","1,559.10",12.85,54.8,214,49.06,43.08%,87.70%,198.69%,443.21%,3525.82%,13.64,-,-,9.01%,-,157.7,100.42,79.67,-,-
Jyoti Structures,12.93,-0.92%,13.05,"70,93,266","1,553.90",37.4,21.46,37.03,13,-15.66%,-22.06%,-63.92%,-4.86%,306.60%,2.83,-,-113.09%,1.41%,0.36,15.07,17.75,32.96,57.58%,70.00%
Centrum Capital,33.12,-1.87%,33.75,"2,16,532","1,551.10",-11.68,10.51,41.9,22.4,-5.21%,-16.68%,0.42%,38.58%,94.82%,3.64,-,-,7.82%,-,35.26,31.62,43.46,-,-
Syncom Formulations,16.63,1.16%,16.37,"12,33,058","1,545.40",27.05,26.33,23.87,14.1,-1.54%,-9.08%,-18.24%,105.31%,105.31%,4.53,-,-,18.75%,-,16.97,17.79,47.33,-,-
Antony Waste Handling Cell,522.85,-3.96%,543,"1,44,227","1,545.10",15.12,25.16,859.4,459.7,-5.21%,-14.36%,-34.50%,70.75%,28.35%,2.42,-,13.71%,13.55%,30.11,558.72,574.42,41.45,50.00%,60.00%
Himatsingka Seide,125,1.76%,122.01,"2,94,179","1,544.60",23.27,47.97,231.3,107.68,5.02%,-7.63%,-22.02%,23.82%,4.04%,0.76,0.20%,-4.42%,9.53%,10.59,122.29,141.66,56.99,61.74%,75.00%
Andhra Paper,78.59,1.18%,77.67,"68,075","1,544.50",18.73,14.2,107.99,65.1,-7.88%,0.87%,-22.54%,-17.48%,112.06%,0.8,1.29%,17.95%,6.24%,62.58,78.77,78.44,50.27,60.00%,-
Tarsons Products,289.1,0.02%,290,"40,252","1,537.90",55.86,25.16,464.3,280,-4.96%,-22.92%,-30.93%,-62.90%,-64.67%,2.44,-,20.55%,7.10%,8.01,305.67,348.58,25.86,50.00%,-
Ivalue Infosolutions,282.4,-1.24%,284,"2,19,934","1,531.00",17.93,19.14,305.45,250.7,-4.03%,0.20%,0.20%,0.20%,0.20%,3.29,-,-,25.22%,-,-,-,53.22,-,75.00%
Manaksia Coated Metals & Ind,162.94,6.85%,152.99,"19,33,671","1,520.10",42.58,22.42,182.82,57,17.32%,2.97%,173.11%,831.09%,4132.21%,4.83,0.02%,-,17.30%,-,148.41,119.25,55.5,-,-
Platinum Industries,277.25,0.36%,276.25,"63,041","1,517.30",33.51,25.14,502.05,225,-4.58%,-1.81%,-34.10%,25.34%,25.34%,3.97,-,52.52%,17.39%,9.06,286.08,281.26,44.84,50.00%,-
Alicon Castalloy,963.8,3.78%,928,"43,149","1,517.20",41.72,21.69,"1,366.45",597.15,12.01%,9.68%,-23.80%,11.15%,222.66%,2.55,0.59%,10.54%,14.43%,43.55,865.51,838.24,63.53,50.00%,-
InfoBeans Technologies,629.6,1.75%,618.8,"81,346","1,513.30",23.59,19.14,727.7,270.55,24.07%,13.79%,50.91%,13.54%,377.51%,4.51,0.16%,7.60%,14.62%,10.98,554.73,424.16,67.16,50.00%,-
Vascon Engineers,69.42,4.20%,66.62,"51,40,040","1,507.50",10.54,-6.34,74.59,31.98,-2.28%,24.25%,28.58%,127.61%,736.39%,1.39,-,10.75%,13.91%,3.04,61.64,50.17,59.08,50.00%,-
DCM Shriram Industries,172.1,-0.48%,173.39,"58,986","1,504.40",17.32,18.94,214,142.11,-1.94%,0.50%,-5.55%,120.08%,92.51%,1.68,1.15%,14.15%,17.18%,13.76,167.63,168.85,51.5,50.00%,-
Bajaj HealthCare,475.05,-0.11%,475.1,"84,073","1,501.90",32.77,54.8,745,358.9,-1.86%,0.17%,29.55%,30.28%,30.89%,3.09,0.21%,11.70%,13.18%,10.38,453.16,540.39,55.4,50.00%,70.00%
Hi-Tech Gears,774.05,-3.01%,805,"3,122","1,499.80",46.7,80.72,912.8,515,2.14%,7.42%,-2.45%,243.41%,662.99%,3.1,0.63%,-,13.59%,-,743.2,683.5,45.8,-,-
Asian Energy Services,332.55,-0.54%,333.5,"46,569","1,497.00",32.71,-222.08,418,215,-1.39%,-6.42%,-8.60%,341.34%,132.47%,4.16,0.30%,-22.28%,14.51%,7.82,347.59,310.75,44.02,50.00%,-
Dolphin Offshore,446.1,20.00%,409.95,"2,72,340","1,487.20",29.14,-222.08,661.35,201,13.17%,9.11%,-26.54%,3796.07%,3796.07%,5.38,-,-,11.16%,-,398.66,377.84,73.07,-,-
MM Forgings,313.25,2.42%,305.85,"50,320","1,476.70",13.28,21.69,582,288.1,0.37%,-9.12%,-36.06%,-21.34%,104.43%,1.65,1.31%,17.11%,14.43%,27.88,315.05,351.81,53.18,50.00%,-
Vinyas Innovative Technologies,"1,152.90",-1.46%,"1,172.00","6,300","1,472.40",75.83,44.1,"1,440.00",575.8,-1.98%,-14.22%,41.97%,232.73%,232.73%,10.02,-,-,24.30%,-,"1,216.55","1,005.79",39.57,-,-
Asian Granito,66.06,4.11%,63.2,"19,09,518","1,471.50",78.96,20.68,78.95,39.15,13.06%,14.73%,-3.25%,16.61%,-63.55%,1.01,-,-,2.33%,-,60.35,55.89,68.39,-,-
Astec Lifesciences,672.25,1.85%,669,"27,985","1,470.70",-12.91,-23.88,"1,254.26",629.78,-15.51%,-23.98%,-37.27%,-68.41%,-36.59%,3.11,-,-12.69%,-20.22%,-,792.24,800.24,29.82,50.00%,-
Omaxe,81.12,0.96%,80.67,"72,110","1,469.60",-2.03,-6.34,127.44,68.91,-3.54%,-15.59%,-30.57%,-6.81%,23.00%,-3.42,-,-,-61.52%,-,84.27,87.41,44.73,50.00%,-
Renaissance Jewellery,137.63,0.77%,135.5,"6,83,288","1,465.30",22.57,39.24,207.4,103.01,14.19%,17.56%,-20.93%,27.08%,212.51%,1.05,-,6.41%,8.71%,7.67,123.27,128.2,63.4,50.00%,-
Unicommerce eSolutions,130.89,-0.37%,130.1,"1,47,972","1,463.00",81.08,19.14,218.5,96.03,-9.88%,11.29%,-33.44%,-37.70%,-37.70%,8.9,-,18.98%,28.26%,1.27,139.79,131.54,41.99,60.00%,-
Master Trust,132.31,1.87%,129.16,"7,58,571","1,458.10",11.91,10.51,197,105.2,-18.28%,-14.68%,-24.51%,-24.51%,-24.51%,2.38,-,-,29.08%,-,143.8,142.58,43.37,50.00%,-
Monte Carlo Fashions,731,4.28%,700.9,"1,05,077","1,453.30",18.53,47.97,986,518.05,6.25%,25.88%,-5.30%,-0.48%,299.56%,1.74,2.86%,17.07%,14.92%,28.7,653.26,613.34,71.69,50.00%,-
Deccan Cements,"1,031.60",-0.35%,"1,035.20","12,013","1,450.10",72.33,60.26,"1,164.90",549.8,-4.62%,-0.65%,78.85%,106.30%,234.83%,2.01,0.06%,7.17%,1.77%,28.97,"1,064.57",874.53,46.48,50.00%,-
ESAF Small Finance Bank,27.98,-0.43%,28.4,"2,16,994","1,448.60",-2.18,9.4,46.02,24.31,-6.48%,-9.57%,-36.85%,-59.48%,-59.48%,0.74,-,17.08%,4.11%,6.96,29.08,30.77,41.14,50.00%,-
Birlanu,"1,912.10",-0.27%,"1,901.00","3,413","1,445.70",-30.91,43.77,"2,789.95","1,605.05",-3.60%,-5.71%,-29.97%,-33.91%,13.07%,1.2,1.57%,2.78%,1.38%,-,"1,934.45","2,041.62",46.75,50.00%,-
NIIT,103.93,-0.52%,104.99,"1,72,360","1,423.70",43.66,46.84,233.8,102.7,-5.06%,-14.47%,-34.56%,56.50%,245.40%,1.33,0.95%,1.11%,5.47%,3.27,108.71,124.93,39.06,60.23%,75.00%
SMC Global Securities,133.32,-1.14%,134,"38,977","1,412.00",14.31,10.51,160,101,-4.85%,-4.74%,-4.70%,61.01%,39.75%,1.16,1.77%,17.15%,17.14%,20.08,137.24,128.37,36.74,60.00%,-
Excel Industries,"1,112.60",-0.73%,"1,126.40","7,031","1,408.90",16,-23.88,"1,760.00",799.1,-2.69%,-16.61%,-28.44%,-10.07%,28.66%,0.89,1.23%,6.44%,6.60%,33.53,"1,159.98","1,150.63",37.31,50.00%,-
Sigachi Industries,36.89,0.49%,36.71,"11,48,762","1,402.80",-26.07,54.8,59.59,30.51,-8.05%,0.93%,-26.21%,39.37%,-38.36%,2.77,0.27%,16.22%,15.84%,1.81,37.32,41.45,41.33,50.00%,60.00%
Jaro Inst of Tech Mgmt & Research,630.85,0.17%,633.65,"1,33,251","1,395.40",36.9,25.16,890,595.6,-17.28%,-15.24%,-15.24%,-15.24%,-15.24%,4.87,0.14%,-,40.90%,-,-,-,38.32,-,75.00%
Hariom Pipe Industries,446.95,-0.72%,454.7,"1,18,322","1,394.10",20.61,22.42,669.9,320.35,-7.13%,0.11%,-21.68%,64.47%,93.48%,2.44,0.14%,12.32%,18.88%,20.39,486.12,430.52,38.55,50.00%,60.00%
Diffusion Engineers,379.3,2.24%,370,"1,07,788","1,388.50",33.91,16.28,418.2,231.85,3.25%,15.68%,8.43%,86.69%,86.69%,3.76,0.41%,-,13.08%,-,373.63,311.64,54.19,50.00%,-
Godavari Biorefineries,269.15,-0.61%,271.2,"50,678","1,385.80",-104.37,18.94,408.6,145,2.51%,-11.14%,-22.80%,-21.58%,-21.58%,1.78,-,-,6.56%,-,268.29,237.76,52.31,-,-
Dolat Algotech,79.12,0.51%,79,"1,42,874","1,385.50",7.57,10.51,146.95,68,-4.50%,-9.94%,-42.24%,19.79%,75.82%,1.38,0.32%,18.19%,34.33%,12.28,81.73,89.34,43.58,50.00%,-
Confidence Petroleum,41.59,-0.14%,41.56,"3,32,772","1,383.80",14.5,25.16,84.04,40.07,-9.25%,-17.32%,-46.13%,-41.46%,51.79%,1.05,0.24%,9.87%,10.24%,2.66,45.59,53.79,38.33,50.00%,-
Suraj Estate Developers,294.1,1.64%,292,"1,93,906","1,382.30",14.95,-6.34,729.85,263.35,4.85%,1.55%,-57.53%,-12.08%,-12.08%,1.45,-,-,16.03%,-,290.05,328.04,57.81,50.00%,-
Bharat Wire Ropes,210.58,4.69%,199.8,"28,08,446","1,379.50",14.34,22.42,248.7,122.23,26.32%,17.54%,-9.10%,84.32%,811.60%,4.95,-,11.11%,18.57%,14.07,175.63,184.08,65.22,50.00%,-
Heubach Colorants,516.3,-0.18%,513.5,"8,196","1,379.00",18.87,-63.79,620.85,508,-4.58%,-12.81%,-4.63%,24.91%,76.12%,2.28,-,4.44%,12.60%,13.12,560.93,575.22,29.96,50.00%,60.00%
V Marc,582.1,3.44%,560,"12,250","1,374.30",38.08,25.97,630,200.3,34.03%,21.31%,43.15%,1340.84%,1135.88%,7.25,-,-,29.97%,-,493.61,372.02,60.94,-,-
Capital India Finance,35.38,0.54%,35.79,"2,22,221","1,371.40",-146.54,10.51,44.5,31.55,-3.62%,5.17%,-1.72%,-1.72%,-1.72%,2.31,0.06%,-,5.93%,-,35.01,-,51.29,50.00%,-
Jindal Photo,"1,414.20",6.12%,"1,332.70","16,499","1,367.10",5.98,10.51,"1,584.80",536,28.31%,66.93%,96.20%,274.18%,12197.39%,1.43,-,-,22.43%,-,"1,197.57",891.52,60.08,-,-
Chaman Lal Setia Exports,270.1,-1.75%,274.4,"34,390","1,367.00",13.47,20.33,447.2,252.1,4.37%,-15.42%,-12.81%,149.86%,110.19%,2.1,0.91%,19.34%,18.35%,21.42,274.53,312.37,47.71,50.00%,-
Hester Biosciences,"1,629.60",1.64%,"1,603.30","6,859","1,363.90",35.27,26.33,"2,786.10","1,242.95",-10.80%,-23.07%,-32.08%,-18.34%,-6.01%,4.34,0.44%,6.99%,9.90%,22.75,"1,895.97","1,818.47",29.71,50.00%,-
Laxmi Goldrona House,258.65,-4.82%,265,"23,922","1,361.30",117.13,39.24,654.85,119.75,-33.41%,-9.01%,96.23%,2517.91%,1624.33%,20.94,-,-,16.63%,-,339.1,276.93,27.24,-,-
RACL Geartech,"1,100.00",-4.32%,"1,143.70","24,706","1,355.30",48.74,80.72,"1,347.80",658.05,-11.08%,17.66%,29.73%,29.73%,29.73%,4.43,-,-,18.06%,-,"1,029.34",893.06,50.94,50.00%,-
Raj Rayon Industries,24.67,1.23%,24.8,"5,856","1,355.20",58.26,53.68,31.59,17.99,-10.03%,-5.70%,6.70%,-2.30%,1727.41%,13.96,-,-11.88%,7.73%,0.07,26.04,24.84,41.41,-,-
Western Carriers,135.36,1.84%,133.54,"4,44,164","1,355.20",23.73,25.16,147.29,65.1,4.02%,29.25%,5.39%,-15.10%,-15.10%,1.63,-,-,12.77%,-,131.59,106.36,59.4,50.00%,-
Apollo Pipes,306.35,-0.36%,311,"2,44,811","1,354.30",55.19,37.5,528.2,297.75,-12.46%,-24.21%,-41.01%,-37.61%,84.72%,1.58,0.22%,22.15%,5.99%,10.31,363.15,392.88,29.43,50.00%,-
Reliance Industrial Infrastructure,896.85,0.19%,907.7,"79,271","1,351.70",111.75,25.16,"1,259.70",726.45,0.43%,3.91%,-18.16%,-17.24%,154.97%,2.87,0.39%,2.83%,2.85%,8.87,906.51,899.05,45.76,50.00%,70.00%
Butterfly Gandhimathi Appliances,753.45,-0.19%,751.1,"9,325","1,349.60",37.23,63.33,882.15,550.7,8.51%,6.14%,-7.48%,-52.63%,133.92%,4.18,-,2.53%,14.47%,-,712.58,687.97,65,50.00%,-
GPT Infraprojects,106.55,-0.20%,108.98,"1,50,754","1,349.10",16.25,-6.34,153.45,84.48,-7.55%,-17.55%,-22.48%,67.01%,1460.03%,2.57,2.81%,-,21.01%,-,113.6,120.47,41.64,50.00%,-
India Motor Parts & Accessories,"1,075.20",-0.49%,"1,079.00","2,855","1,348.50",17.02,80.72,"1,331.95",870.1,-2.09%,4.54%,-12.16%,43.41%,106.53%,0.53,2.80%,3.57%,4.07%,61.63,"1,053.03","1,045.97",52.75,50.00%,-
Sathlokhar Synergys E&C Global,546.7,-2.09%,561.2,"94,600","1,347.70",31.51,-6.34,578,362,14.26%,25.40%,32.37%,121.34%,121.34%,7.82,-,-,34.21%,-,490.84,454.95,67.01,-,-
GNA Axles,321.8,2.57%,330,"1,38,923","1,347.00",13.17,80.72,448.8,271.05,2.73%,4.48%,-21.75%,-3.05%,182.83%,1.5,0.96%,18.22%,15.60%,22.03,312.16,325.21,58.62,50.00%,-
Shree Digvijay Cement Company,90.32,-0.74%,90.15,"2,21,886","1,345.50",35.97,36.01,107.7,63.55,-0.33%,9.35%,1.10%,37.58%,44.17%,3.71,1.64%,23.01%,7.90%,5.55,91.33,80.5,50.6,50.00%,-
Alldigi Tech,892.5,1.09%,878,"12,690","1,345.40",18.78,19.14,"1,114.40",822,-2.52%,-15.83%,-9.41%,-18.74%,-18.74%,5.19,5.09%,26.07%,36.86%,43.71,921.55,946.84,46.82,50.00%,-
Yuken,964.3,-2.48%,"1,015.00","5,594","1,343.20",55.12,-43.57,"1,224.90",712.7,-1.57%,-6.12%,-16.50%,81.19%,57.59%,4.29,0.15%,6.72%,12.70%,17.5,970.48,950.64,53.92,50.00%,-
Atul Auto,479.3,-0.95%,485.25,"69,211","1,342.90",68.38,12.42,693.55,412.65,-2.40%,7.50%,-20.48%,75.15%,211.84%,3.05,-,-,6.95%,-,488.66,476.26,43.67,50.00%,-
B L Kashyap & Sons,59.24,0.32%,58.99,"1,31,437","1,331.20",73.45,-6.34,84.95,45,-3.99%,-21.93%,-26.13%,106.77%,997.04%,2.53,-,4.98%,14.34%,2.33,64.46,64.07,39.13,11.00%,-
Arisinfra Solutions,163.53,0.04%,163.22,"4,91,144","1,324.90",282.16,42.65,208.5,136,0.55%,5.01%,-6.22%,-6.22%,-6.22%,1.82,-,-,21.63%,-,158.81,-,49.81,-,70.00%
Vardhman Holdings,-,-100.00%,"3,900.00",-,"1,321.90",5.37,10.51,"5,760.00","2,850.00",-100.00%,-100.00%,-100.00%,-100.00%,-100.00%,0.38,0.12%,-,7.71%,-,"3,831.63","3,760.99",8.77,-,-
Madras Fertilizers,82.3,0.35%,82.17,"1,30,952","1,321.20",19.46,34.91,108.7,66.5,-4.21%,-11.99%,-14.56%,69.69%,415.99%,-39.59,-,-64.56%,161.83%,3.06,86.78,86.6,42.66,50.00%,-
Paramount Communications,43.3,0.07%,43.44,"3,65,209","1,319.90",16.45,25.97,90.1,41.98,-3.84%,-20.97%,-39.52%,96.37%,532.12%,1.84,-,16.19%,16.70%,3.17,45.44,54.16,42.52,50.00%,-
Roto Pumps,70.23,0.29%,69.49,"1,54,434","1,319.70",38.48,56.72,109.67,58.42,-8.65%,-19.42%,-23.82%,103.04%,86.98%,5.98,0.38%,20.34%,20.51%,11.83,77.97,82.9,30.84,50.00%,-
Balaji Telefilms,115.75,5.14%,110.7,"1,47,479","1,316.60",16.23,12.08,141.32,49.02,-6.80%,21.15%,89.44%,137.92%,91.64%,2,-,-,-1.04%,-,115.47,86.5,48.52,-,-
Sportking,99.03,0.04%,98.21,"40,545","1,315.30",11.17,6.93,140,69.91,-5.90%,-13.86%,-3.06%,43.44%,-3.95%,1.36,1.02%,7.80%,14.28%,66.1,104.66,101.98,44.38,60.00%,-
Texmaco Infrastructure & Holdings,102.4,-0.57%,103,"83,151","1,312.40",-332,-6.34,159.5,85.35,6.08%,4.63%,-11.77%,67.18%,209.83%,0.99,0.15%,0.48%,0.54%,0.42,95.61,101.54,67.05,50.00%,-
Royal Orchid Hotels,474.8,-0.76%,478.45,"30,087","1,312.20",26.27,324.15,593.4,301.8,-11.31%,19.04%,45.87%,68.25%,690.02%,5.69,0.52%,23.82%,17.32%,17.36,512.24,413.96,35.18,50.00%,-
SRM Contractors,595.35,4.20%,585,"4,01,673","1,310.90",20.75,-6.34,584.9,257.65,7.42%,27.42%,128.85%,163.43%,163.43%,4.76,-,-,28.20%,-,528.17,425.2,65.31,0.00%,-
Gandhar Oil Refinery,133.82,0.02%,134.7,"78,818","1,309.50",17.04,12.38,244.4,128.48,-6.10%,-17.92%,-39.14%,-55.60%,-55.60%,1.06,0.37%,28.04%,11.24%,12.94,142.73,156.49,30.35,50.00%,-
Shree Pushkar Chemicals,399.5,0.06%,402.8,"96,876","1,291.10",19.36,-63.79,476,220.5,-8.68%,-0.88%,53.59%,70.91%,276.18%,2.4,0.50%,-,12.34%,-,390.67,327.1,45.5,50.00%,-
Gandhi Special Tubes,869.5,-0.95%,879.8,"6,793","1,290.20",16.3,22.42,"1,031.80",585.5,-7.87%,15.64%,8.41%,95.26%,321.17%,4.05,1.70%,24.95%,27.86%,44.54,910.76,751.52,42.01,50.00%,-
Agarwal Industrial Corporation,847.55,-1.46%,859.8,"15,817","1,286.50",14.33,22.29,"1,380.00",766.85,-10.35%,-11.68%,-20.88%,24.50%,907.19%,2.05,0.38%,22.85%,20.16%,80.66,886.04,968.18,34.41,50.00%,-
Bombay Super Hybrid Seeds,123.57,1.08%,123,"5,633","1,282.90",46.48,25.16,179.99,115.82,-2.85%,-8.59%,-24.52%,16.52%,1273.00%,12.25,-,29.79%,32.35%,2.16,130.73,135.65,43.82,50.00%,-
IRM Energy,316.75,1.46%,315.3,"1,10,539","1,281.90",31.69,25.16,419.95,237,-13.37%,9.77%,-21.03%,-33.06%,-33.06%,1.36,0.48%,9.82%,9.01%,19.9,316.6,297.52,44.44,50.00%,-
Capital Small Finance Bank,275.1,-2.71%,282.15,"83,364","1,280.50",9.46,9.4,330.65,250,-3.88%,-14.42%,-7.00%,-36.76%,-36.76%,0.92,1.42%,9.31%,6.66%,24.74,285.58,289.12,38.63,60.00%,-
STL Networks,26.7,1.75%,26.25,"12,95,615","1,280.30",-40.37,19.14,35.4,20.66,-9.18%,22.76%,22.76%,22.76%,22.76%,13.12,-,-,-720.78%,-,-,-,49.62,-,-
Signpost India,236.01,-1.33%,239.01,"39,187","1,278.50",33.74,25.16,403.3,180.37,-10.04%,5.42%,2.60%,-27.73%,-27.73%,5.81,0.21%,-,17.85%,-,267.34,251.9,36.62,36.00%,-
MIC Electronics,53.95,1.85%,53.09,"15,52,934","1,276.60",132.53,44.1,96.55,44.2,-9.77%,3.67%,-40.90%,373.25%,263.30%,5.59,-,-,7.50%,-,58.65,59.44,41.9,50.00%,-
Quadrant Future Tek,309.55,-2.75%,315,"23,49,621","1,273.20",-,25.97,744,314.5,-23.01%,-26.25%,-30.28%,-30.28%,-30.28%,-,-,-,-5.71%,-,405.09,-,17.74,50.00%,70.00%
Pashupati Cotspin,811.05,0.58%,815.05,"3,191","1,272.70",92.59,23.33,815,473,14.05%,15.76%,41.92%,538.62%,1305.63%,8.25,0.06%,-,16.08%,-,716.61,658.09,87.03,-,-
Manali Petrochemicals,73.98,0.01%,73.95,"4,32,043","1,272.30",41.6,22.29,81.1,49.93,12.67%,13.14%,3.67%,-12.29%,144.97%,1.16,0.68%,4.85%,4.40%,1.69,69.52,63.61,60.51,50.00%,-
Lloyds Engineering Works - PP,43.37,5.24%,41.73,"3,00,779","1,271.40",-,-43.57,60.5,36.15,-4.15%,-12.70%,9.91%,9.91%,9.91%,2.57,-,-,-,-,42.91,-,55.91,-,-
Mangal Electrical Industries,464.55,1.10%,463.9,"1,62,632","1,269.60",27.81,34.77,573.7,439.95,-2.26%,-13.22%,-13.22%,-13.22%,-13.22%,2.26,-,-,44.83%,-,-,-,45.09,-,60.00%
Bharat Seats,208.98,3.61%,202,"2,06,915","1,266.60",36.11,80.72,239.45,69.84,6.84%,86.16%,147.52%,147.52%,147.52%,6.54,0.54%,-,16.55%,-,182.93,-,52.55,-,-
ECOS Mobility & Hospitality,207.52,-1.51%,213,"1,08,954","1,264.30",21.13,25.16,436.5,165,-12.85%,-32.40%,-46.96%,-53.17%,-53.17%,5.71,1.14%,-,34.70%,-,253.33,249.9,25.03,60.00%,-
Electrotherm,975.9,-0.46%,957.2,"9,840","1,249.30",3.46,22.42,"1,455.00",673.35,-10.50%,13.42%,6.75%,1228.66%,999.61%,-7.88,-,-,201.40%,-,996.1,975.06,42.7,50.00%,-
Oriental Aromatics,347.1,-6.06%,374.25,"21,817","1,243.50",52.14,25.14,656.7,261.55,5.68%,-5.93%,-45.05%,-29.74%,-23.25%,1.88,0.14%,1.44%,9.48%,7.76,339.88,347.2,50.31,50.00%,-
IFB Agro Industries,"1,444.40",9.08%,"1,449.50","7,26,757","1,240.40",39.85,55.81,"1,373.15",440,64.93%,72.72%,148.93%,149.83%,329.18%,2.04,-,-,5.81%,-,912.43,685.16,81.05,-,-
Aurum PropTech,172.24,0.42%,168.4,"72,364","1,232.70",-33.44,19.14,264.8,144.4,2.20%,-7.78%,-20.30%,48.61%,-74.39%,2.54,-,-,-3.07%,-,171.5,185.4,49.51,50.00%,-
One Point One Solutions,48.92,4.35%,47.04,"72,32,315","1,232.40",35.25,19.14,69.99,41.01,1.58%,0.76%,-23.19%,225.05%,2663.84%,3.17,-,-,10.81%,-,45.56,51.56,60.89,-,-
Lloyds Enterprises - PP,48.01,-0.41%,46.7,"1,55,570","1,226.60",-,42.65,48.89,38.85,3.27%,2.72%,2.72%,2.72%,2.72%,-,-,-,-,-,-,-,54.53,-,-
Indef Manufacturing,379.95,-0.78%,382.45,"38,330","1,225.40",35.82,-43.57,580.25,199.24,4.10%,-9.16%,42.33%,42.33%,42.33%,4.83,-,-,15.78%,-,380.96,-,44.24,0.00%,-
AB Infrabuild,19.61,2.24%,19.1,"2,43,251","1,225.20",60,-6.34,224.98,6.17,-1.26%,-89.51%,138.56%,44.19%,3114.75%,10.13,-,-,20.67%,-,19.48,13.84,56.26,-,-
IZMO,860.65,5.00%,825,"59,361","1,220.80",25.13,19.14,"1,374.70",229.7,-21.67%,139.47%,142.23%,1090.39%,2248.29%,3.42,-,-,14.85%,-,908.44,486.84,45.83,-,-
GPT Healthcare,149.52,0.59%,148.95,"64,313","1,219.70",25.82,32.94,192,126.1,0.97%,-18.37%,-13.50%,-25.50%,-25.50%,6.15,2.67%,26.34%,25.61%,5.08,150.58,154.73,49.07,60.00%,-
SWELECT Energy Systems,801.85,-0.32%,802.05,"9,768","1,219.40",42.73,34.77,"1,278.80",461.1,-11.54%,19.79%,-31.35%,157.37%,569.88%,1.43,0.37%,-,8.12%,-,835.81,685.37,40.09,50.00%,-
Steel Exchange India,9.52,-2.46%,9.76,"22,47,935","1,217.30",36.22,22.42,11.97,7.06,-8.46%,-8.64%,-15.38%,-20.33%,192.02%,2.33,-,-11.38%,12.40%,0.16,9.9,9.28,36.93,11.00%,-
BOROSCI,136.13,-0.20%,136.4,"60,590","1,213.20",69.37,25.44,199.5,107.42,-5.57%,-12.78%,-28.75%,-13.13%,-13.13%,3.01,-,6.24%,9.94%,2.84,138.64,142.86,46.21,60.00%,-
Walchandnagar Industries,175.58,-1.04%,177.5,"1,90,573","1,203.40",-12.7,-43.57,335,142.79,-9.90%,-8.56%,-40.26%,169.50%,281.70%,3.26,-,-,-8.68%,-,188.12,199.87,44.91,-,-
Wealth First Portfolio Managers,"1,129.70",0.19%,"1,133.20","1,925","1,201.50",33.3,10.51,"1,720.00",801.2,-5.17%,-10.39%,-28.82%,281.85%,1156.62%,9.35,1.42%,-,35.00%,-,"1,200.20","1,104.39",31.82,-,-
Tribhovandas Bhimji Zaveri,181.74,1.03%,181.95,"3,80,191","1,200.40",16.24,39.24,292,155.99,-3.61%,-9.18%,-30.98%,127.03%,381.43%,1.83,1.25%,9.05%,20.30%,9.01,185.92,188.96,44.11,50.00%,-
Heranba Industries,298.85,-0.33%,298.2,"13,185","1,199.80",-149.2,-23.88,562,208,-2.72%,-21.01%,-38.43%,-40.84%,-63.22%,1.43,0.33%,-,5.13%,-,319.77,304.33,40.7,50.00%,-
Amines & Plasticizers,214.59,-1.02%,215,"5,462","1,192.90",30.29,25.14,349,186.16,-2.87%,-0.72%,-24.24%,34.12%,34.12%,4.66,0.23%,12.52%,23.21%,7.37,219.87,231.37,47,50.00%,-
GTPL Hathway,106.51,0.78%,106,"12,395","1,188.60",34.04,12.08,157.99,98.1,-1.72%,-11.65%,-28.79%,-23.10%,-8.38%,1.04,1.88%,10.32%,6.17%,7.59,111.17,113.02,43.87,50.00%,-
Le Merite Exports,480.55,-1.64%,493,"18,800","1,187.10",173.24,42.65,496,215.5,6.92%,48.94%,117.69%,652.03%,510.22%,10.5,-,-,14.06%,-,415.65,336.57,64.54,-,-
Faze Three,478.5,-1.97%,483,"27,217","1,187.00",25.68,53.68,747.95,317.75,0.23%,-18.01%,19.49%,56.12%,56.12%,3.22,-,17.42%,15.40%,17.06,484.11,493.29,45.66,50.00%,-
Control Print,731.6,-1.18%,734.95,"21,594","1,184.10",12.15,18.14,917.5,547,-10.89%,-4.22%,0.71%,68.49%,233.45%,2.93,1.36%,16.29%,16.37%,32.65,773.93,715.71,39.1,50.00%,-
Bluspring Enterprises,78.24,-1.30%,79.3,"1,47,360","1,180.70",-6.61,30.52,100.88,67.06,-2.30%,-13.22%,-7.46%,-7.46%,-7.46%,1.7,-,-,-13.94%,-,80.38,-,43.76,-,-
Krishna Defence & Allied Industries,795,0.47%,791.25,"14,500","1,180.50",53.28,58.25,"1,027.50",503,-5.33%,-4.02%,12.89%,683.64%,909.52%,7.85,0.06%,-,23.15%,-,796.56,771.45,47.9,-,-
BCL Industries,39.86,-0.10%,39.87,"2,04,101","1,177.70",10.54,55.81,60.3,34.5,-3.77%,-10.29%,-28.68%,19.92%,210.68%,1.47,0.65%,13.13%,14.84%,3.19,40.58,41.18,47.44,50.00%,-
Dynacons Systems & Solutions,914.15,-0.89%,919,"14,150","1,173.70",15.71,19.14,"1,618.20",820.55,-11.40%,-8.38%,-27.12%,237.14%,2268.26%,5.07,-,31.93%,36.47%,45.18,951.84,"1,055.33",43.52,50.00%,-
Kross,181.12,-0.32%,181.6,"1,05,374","1,172.10",22.98,80.72,246.6,150.06,-8.62%,4.04%,2.25%,-30.29%,-30.29%,2.7,-,-,42.17%,-,198.95,183.92,39.44,50.00%,-
Gem Aromatics,221.46,-1.14%,225,"1,04,913","1,170.20",22.13,25.14,349.6,223,-14.54%,-30.59%,-30.59%,-30.59%,-30.59%,0.59,-,-,23.34%,-,-,-,35.05,-,60.00%
Dhunseri Ventures,324.25,-2.33%,332,"28,815","1,162.80",8.07,42.65,456.2,293.1,-10.83%,-6.50%,-27.42%,49.36%,461.47%,0.36,1.51%,5.13%,5.63%,52.13,348.3,343.05,40.44,50.00%,-
DPSC,11.79,-0.34%,11.97,"69,971","1,152.00",147.88,7.39,18.99,10.52,-2.32%,-6.21%,-34.35%,-11.35%,0.34%,1.3,0.42%,1.57%,2.77%,0.18,12.09,12.99,44.92,50.00%,-
Bhartiya International,832.25,-3.03%,866.5,"16,982","1,150.90",42.74,30.61,984.75,444,-0.54%,-8.00%,15.54%,305.09%,528.59%,2.46,-,-,13.29%,-,833.41,719.96,54.4,-,-
Ganesh Consumer Products,282.3,-0.77%,284.5,"1,14,354","1,149.70",32.66,20.33,309.95,277.5,-2.67%,-4.08%,-4.08%,-4.08%,-4.08%,3.24,2.59%,-,22.06%,-,-,-,45.41,-,75.00%
Themis Medicare,125.11,0.72%,124.8,"52,249","1,143.30",-125.71,54.8,317,98,-5.61%,21.96%,-52.60%,31.54%,295.42%,3.1,0.40%,11.52%,11.51%,5.43,120.73,144.83,48.97,50.00%,-
TVS Electronics,605.7,-1.17%,614.5,"67,350","1,143.10",-187.51,18.14,739.35,271.45,-5.26%,48.62%,63.64%,118.62%,516.80%,12.3,-,-,17.63%,-,527.7,418.09,53.62,-,-
Osel Devices,677.3,4.89%,648.95,"43,600","1,142.50",56.99,12.19,657.8,186.25,15.96%,55.77%,218.06%,225.70%,225.70%,7.09,-,-,29.38%,-,597.16,363.24,68.64,-,-
R&B Denims,127.38,0.32%,125.5,"30,134","1,142.50",37.09,23.33,155.02,97.55,6.79%,23.25%,23.25%,23.25%,23.25%,6.2,-,-,20.39%,-,-,-,53.77,-,-
Vishnu Prakash R Punglia,92.38,0.88%,91.7,"6,16,011","1,141.40",22.44,-6.34,345.75,88,-3.92%,-41.24%,-68.50%,-36.60%,-36.60%,1.46,-,28.82%,17.20%,9.8,107.19,160.75,39.06,50.00%,65.00%
Ice Make Refrigeration,711.65,-1.45%,716.8,"14,421","1,139.50",64.07,-43.57,"1,088.75",575.15,-4.68%,-9.71%,-16.17%,148.92%,792.91%,9.19,0.31%,25.64%,19.75%,15.54,739.83,783.49,42.59,50.00%,-
SBC Exports,24.05,0.54%,24,"1,46,74,898","1,139.00",68.29,47.97,24.05,10.95,8.28%,34.96%,28.82%,495.30%,1172.49%,20.47,-,19.67%,30.65%,0.43,21.7,16.41,74.12,50.00%,60.00%
Kellton Tech Solutions,21.53,-2.09%,22.2,"34,29,014","1,129.70",14.12,19.14,35.5,19,-10.25%,-21.28%,-23.38%,71.42%,124.27%,2.08,-,-33.99%,18.72%,7.04,24.37,25,40.43,50.00%,60.00%
Rico Auto Industries,84.33,1.13%,83.72,"2,76,586","1,128.10",34.74,80.72,113.28,54,-9.77%,19.79%,-9.98%,47.04%,182.99%,1.55,0.60%,7.38%,8.59%,2.87,94.06,78.37,37.95,50.00%,-
Avt Natural Products,73.56,-0.69%,74.08,"11,07,774","1,128.00",20.75,8.41,85.5,51.41,2.87%,-1.17%,-9.76%,-34.15%,71.27%,2.23,0.95%,11.35%,14.00%,3.34,72.25,67.54,63.34,50.00%,-
Sterling Tools,306.6,-1.49%,311.9,"72,872","1,126.20",22.96,18.92,744.3,270,-3.80%,-7.40%,-40.43%,23.73%,77.17%,2.25,0.64%,11.96%,14.72%,16.73,320.71,350.27,38.89,50.00%,-
Indo Farm Equipment,232.44,-0.71%,231.6,"1,57,137","1,124.90",42.39,27.21,293.2,136.8,-3.00%,20.19%,-15.07%,-15.07%,-15.07%,2.12,-,-,8.39%,-,242.13,195.21,44.94,-,-
Saurashtra Cement,100.54,-0.49%,100.05,"44,946","1,124.10",80.2,36.01,129.2,73.73,-9.53%,-21.02%,-15.70%,-14.18%,-14.18%,1.19,-,6.10%,2.56%,5.69,109.32,97.11,39.26,61.47%,-
Peninsula Land,34.2,-1.36%,34.71,"2,36,151","1,123.30",-28.43,-6.34,56.25,20.87,-2.87%,-10.31%,-27.60%,167.19%,776.92%,5.75,-,-,3.68%,-,34.8,32.16,49.43,36.00%,-
Vilas Transcore,431.4,-5.86%,436.05,"60,250","1,121.80",32.83,22.42,673.7,291,-18.24%,-18.91%,-12.09%,91.10%,91.10%,4.11,-,-,17.43%,-,507.44,461.79,33.5,-,-
Max India,213.6,-0.21%,214,"23,504","1,119.00",-8.05,10.51,302.94,159.65,-2.36%,1.37%,-16.24%,141.57%,305.93%,2.36,-,-1.92%,-27.91%,-,214.73,202.64,50.22,50.00%,-
C2C Advanced Systems,676.55,1.11%,670,"25,650","1,113.50",-,-43.57,954,250.15,3.99%,5.28%,50.06%,50.06%,50.06%,-,-,-,20.21%,-,717.1,577.58,51.05,-,-
Tamilnadu Petroproducts,124.48,0.60%,125,"17,88,383","1,113.30",14.18,22.29,127.49,63.66,13.61%,27.96%,48.08%,33.20%,245.78%,1.22,0.97%,-,7.68%,-,108.14,89.85,74.95,-,-
Krishival Foods,495.7,-0.55%,499.9,"52,637","1,111.30",76.1,20.33,508,211,5.63%,31.87%,67.47%,64.68%,1024.04%,8.23,0.05%,-,13.61%,-,466.27,343.53,63.22,-,-
Om Infra,113.53,-0.89%,114.55,"70,789","1,103.20",49.33,22.37,186,100.3,-9.93%,-3.10%,-30.47%,205.60%,581.86%,1.48,0.35%,-,6.03%,-,116.37,122.76,41.98,50.00%,-
Andhra Sugars,80.37,-1.12%,81.26,"75,863","1,101.60",31.07,26.27,107.05,65.1,7.13%,4.62%,-22.69%,-43.72%,47.82%,0.69,0.99%,11.64%,2.09%,5.36,77.86,77.42,53.73,68.65%,-
SKM Egg Products Export,427.8,2.53%,429.95,"3,94,987","1,098.60",20.03,20.33,421.5,154,37.76%,38.13%,78.68%,295.38%,954.99%,3.25,0.36%,-,15.43%,-,346.12,256.57,83.6,-,-
Pudumjee Paper Products,116.67,0.85%,115.7,"1,35,205","1,098.50",10.52,14.2,232.2,92.35,-6.26%,-6.93%,-6.91%,123.93%,564.79%,1.88,0.52%,-,19.62%,-,124.67,118.32,40.28,50.00%,-
Mamata Machinery,435.3,-1.62%,441,"1,02,767","1,088.80",25.21,-43.57,630,311.55,-6.09%,-7.31%,-30.90%,-30.90%,-30.90%,6.36,0.11%,-,32.12%,-,443.57,418.4,43.79,50.00%,60.00%
Ester Industries,111.27,-0.07%,111.35,"41,344","1,086.60",48.06,13.58,175,102.99,-0.24%,1.58%,-24.41%,-31.31%,-1.09%,1.39,-,1.57%,7.67%,-,113.43,125.27,44.63,50.00%,-
Tamil Nadu Newsprint & Papers,154.46,-0.86%,154.11,"37,716","1,078.30",-53.79,14.2,216.59,115.5,-4.52%,-1.47%,-13.99%,-42.92%,53.69%,0.52,1.93%,19.95%,6.52%,30.08,158,153.71,46.34,66.39%,-
Anondita Medicare,625.35,4.98%,625.45,"1,20,000","1,077.40",65.61,25.16,595.7,261.75,60.99%,116.20%,116.20%,116.20%,116.20%,10.03,-,-,48.42%,-,-,-,84.73,-,-
Zuari Agro Chemicals,252.1,-1.45%,255.1,"1,08,301","1,075.80",3.26,34.91,393.55,169.2,-8.26%,-25.16%,28.27%,47.47%,214.93%,0.58,-,26.21%,17.26%,31.68,287.08,236.59,39.5,50.00%,-
Denta Water and Infra Solutions,405.35,0.66%,402.7,"2,11,834","1,075.20",18.47,-6.34,479.6,251.25,-8.82%,27.85%,18.78%,18.78%,18.78%,2.63,-,-,17.56%,-,425.56,-,43.93,50.00%,75.00%
Eimco Elecon,"1,793.80",-3.77%,"1,871.40","37,837","1,075.20",27.95,-43.57,"3,019.90","1,301.00",-0.95%,-24.88%,-31.67%,313.41%,493.78%,2.79,0.27%,-,12.52%,-,"1,989.25","1,982.68",41.65,50.00%,-
Crest Ventures,372.9,-0.92%,375,"2,653","1,070.70",16.28,10.51,531.95,319.1,5.21%,0.40%,-25.20%,121.77%,352.27%,0.9,0.26%,5.47%,9.48%,21.2,370.89,386.71,51.62,50.00%,-
Arihant Capital Markets,101.4,-1.30%,102.74,"10,64,597","1,069.70",20.36,10.51,120,58.15,-12.78%,2.80%,-6.15%,36.02%,305.28%,2.85,0.49%,11.35%,22.85%,7.47,108.64,87.05,44.09,50.00%,-
GRP,"2,009.40",0.24%,"2,004.80","2,644","1,069.10",37.56,25.16,"3,534.65","1,975.60",-8.32%,-12.26%,-41.78%,327.00%,878.95%,5.51,0.73%,-,21.53%,-,"2,149.49","2,561.25",36.3,50.00%,-
Prozone Realty,68.48,-2.00%,68.48,"6,136","1,066.40",-23.39,25.16,72.77,21.6,3.69%,58.92%,199.04%,167.50%,167.50%,2.27,-,-,2.96%,-,52.52,39.75,68.16,-,-
Xchanging Solutions,92.43,-3.08%,95.49,"4,25,714","1,062.50",17.98,19.14,122.5,79.44,6.76%,6.05%,-15.19%,17.75%,31.67%,2.97,2.09%,3.87%,16.14%,2.99,87.41,92.98,64.94,50.00%,-
Lincoln Pharmaceuticals,533.4,0.68%,530.5,"13,587","1,061.20",12.31,26.33,979.5,499,0.16%,0.34%,-19.10%,78.66%,132.72%,1.58,0.34%,14.51%,16.08%,48.91,539.68,576.29,51.78,50.00%,-
GKW,"1,749.30",-1.36%,"1,848.00",585,"1,058.10",-153.14,10.51,"4,149.90","1,371.00",5.70%,2.51%,-49.18%,195.61%,290.34%,2.99,-,-,4.61%,-,"1,716.65","1,820.68",51.26,-,-
AYM Syntex,175.57,-1.88%,177.97,"45,884","1,048.30",180.61,53.68,326.11,167,-7.65%,-15.58%,-29.66%,109.51%,550.26%,1.81,-,-,9.65%,-,187.17,211.63,42.83,-,-
Karnika Industries,165.2,-2.28%,169.05,"29,000","1,048.10",46.44,47.97,973,167,-7.71%,-76.71%,-37.44%,100.00%,100.00%,11.81,-,-,39.49%,-,180.94,134.76,41.22,-,-
Dhanlaxmi Bank,26.46,-0.08%,26.68,"9,09,487","1,045.20",12.45,9.4,36.52,22,4.50%,-1.19%,-5.03%,167.27%,168.36%,0.83,-,-,5.06%,-,25.8,27.22,54.19,50.00%,-
Creative Newtech,699.45,0.62%,698.95,"35,921","1,043.90",19.26,42.65,"1,075.00",594.75,6.98%,13.46%,-21.88%,40.83%,415.82%,3.55,0.07%,21.60%,22.93%,36.46,642.23,708.98,72.9,50.00%,-
Kokuyo Camlin,103.67,-0.18%,104.75,"21,298","1,041.80","-3,468.33",-199.41,177.5,95.63,-5.64%,-9.25%,-39.51%,39.62%,77.67%,3.45,-,6.11%,12.01%,4.16,109.73,112.57,44.08,50.00%,-
New Delhi Television (NDTV),92.57,0.31%,92.88,"1,21,346","1,041.10",-3.97,12.08,164.4,85.02,-19.91%,-32.57%,-28.18%,-63.40%,300.74%,2.28,-,-,-50.08%,-,110.75,109.8,28.87,-,-
Oswal Agro Mills,79.21,2.15%,78,"4,00,323","1,040.90",8.26,42.65,110.8,57.5,4.51%,1.53%,7.13%,70.90%,815.72%,1.1,-,-,15.32%,-,75.1,77.88,65.3,50.00%,-
Elin Electronics,208.13,-0.24%,210.01,"58,804","1,036.00",31.46,44.1,239.37,108.21,-2.84%,16.48%,-4.89%,-8.57%,-8.57%,1.93,-,-,8.41%,-,205.79,168.79,52.13,-,-
Jindal Poly Inv. & Fin.,980.35,-0.43%,985.1,"7,996","1,035.00",3.41,10.51,"1,135.00",554.3,4.97%,28.79%,35.78%,59.17%,8692.38%,0.68,-,21.14%,17.35%,294.94,943.95,825.72,50.55,50.00%,-
Uniphos Enterprises,152.36,2.80%,145.25,"7,066","1,030.70","-3,717.50",42.65,192.68,129.44,0.51%,-4.98%,-3.45%,11.62%,149.36%,0.4,0.34%,1.31%,0.05%,5.55,151.11,153.36,56.51,50.00%,-
Popular Vehicles & Services,153.49,6.35%,144.32,"1,97,432","1,027.50",-41.64,42.65,186.86,86.75,2.48%,26.67%,-9.13%,-44.42%,-44.42%,1.61,-,18.68%,6.54%,10.36,138.49,124.89,63.51,60.00%,-
Viviana Power Tech,"1,610.65",-0.76%,"1,620.00","7,125","1,027.00",46.77,21.46,"1,860.00",598,-3.09%,31.27%,77.25%,1651.66%,1449.45%,16.33,-,-,45.34%,-,"1,501.92","1,101.74",48.97,-,-
Fabtech Technologies,236.6,2.55%,231.79,"14,55,761","1,025.50",22.08,22.37,262.8,173.28,29.71%,29.71%,29.71%,29.71%,29.71%,2.54,-,-,28.74%,-,-,-,69.19,-,-
Century Enka,466.4,-0.24%,469.95,"11,160","1,021.50",17.8,4.04,749,419.3,-3.60%,-6.40%,-21.16%,9.07%,169.99%,0.72,2.13%,3.13%,6.18%,24.51,487.58,501.69,41.28,50.00%,-
Abans Financial Services,201.09,0.03%,201.4,"9,168","1,017.40",8.75,10.51,418.5,165.49,-2.53%,-8.89%,-47.40%,-7.93%,-7.93%,1.06,-,-,15.84%,-,209.53,207.93,40.54,50.00%,-
Allied Digital Services,177.59,-1.12%,180.31,"1,16,663","1,013.50",28.05,19.14,295,147.61,-9.79%,14.04%,-34.05%,79.57%,718.39%,1.68,0.83%,7.41%,9.64%,8.6,179.43,193.17,42.62,60.00%,-
Prostarm Info Systems,168.71,-1.79%,171.9,"2,99,445","1,011.40",35.04,34.77,253.49,108,-18.07%,-25.77%,33.90%,33.90%,33.90%,3.72,-,-,40.83%,-,196.07,-,35.17,36.00%,-
Nelcast,115.72,-0.37%,118.6,"1,01,381","1,010.50",27.45,21.69,180.9,78.55,-9.91%,-33.51%,-2.94%,27.87%,104.81%,1.83,0.43%,10.43%,12.57%,4.48,135.05,123.01,39.4,50.00%,-
Mahamaya Steel Industries,601.9,-2.03%,624,"30,804","1,009.70",119.75,22.42,617,179.53,31.08%,69.88%,172.29%,776.13%,488.94%,7.29,-,-,8.44%,-,456.44,322.87,73.62,-,-
Monolithisch,509.1,9.99%,470,"1,39,000","1,006.10",69.39,35.82,499,219.45,11.38%,21.16%,109.42%,109.42%,109.42%,8.58,-,-,55.95%,-,457.48,-,65.55,-,-
Concord Enviro Systems,478.85,-1.33%,483,"10,128","1,004.40",16.76,-43.57,860,415,-5.60%,-20.09%,-42.10%,-42.10%,-42.10%,1.88,-,-,15.25%,-,512.44,553,34.48,50.00%,-
Tembo Global Industries,644.15,-0.48%,650.5,"40,907","1,001.10",14.44,42.65,905,386,10.16%,29.35%,12.49%,483.47%,615.72%,4.74,0.15%,-,24.09%,-,601.26,551.43,63.68,-,-